Name,Class
000001.JPG,0
000002.JPG,0
000003.JPG,0
000004.JPG,0
000005.JPG,0
000006.JPG,0
000007.JPG,0
000008.JPG,0
000009.JPG,0
000010.JPG,0
000011.JPG,0
000012.JPG,0
000013.JPG,0
000014.JPG,0
000015.JPG,0
000016.JPG,0
000017.JPG,0
000018.JPG,0
000019.JPG,0
000020.JPG,0
000021.JPG,0
000022.JPG,0
000023.JPG,0
000024.JPG,0
000025.JPG,0
000026.JPG,0
000027.JPG,0
000028.JPG,0
000029.JPG,0
000030.JPG,0
000031.JPG,0
000032.JPG,0
000033.JPG,0
000034.JPG,0
000035.JPG,0
000036.JPG,0
000037.JPG,0
000038.JPG,0
000039.JPG,0
000040.JPG,0
000041.JPG,0
000042.JPG,0
000043.JPG,0
000044.JPG,0
000045.JPG,0
000046.JPG,0
000047.JPG,0
000048.JPG,0
000049.JPG,0
000050.JPG,0
000051.JPG,0
000052.JPG,0
000053.JPG,0
000054.JPG,0
000055.JPG,0
000056.JPG,0
000057.JPG,0
000058.JPG,0
000059.JPG,0
000060.JPG,0
000061.JPG,0
000062.JPG,0
000063.JPG,0
000064.JPG,0
000065.JPG,0
000066.JPG,0
000067.JPG,0
000068.JPG,0
000069.JPG,0
000070.JPG,0
000071.JPG,0
000072.JPG,0
000073.JPG,0
000074.JPG,0
000075.JPG,0
000076.JPG,0
000077.JPG,0
000078.JPG,0
000079.JPG,0
000080.JPG,0
000081.JPG,0
000082.JPG,0
000083.JPG,0
000084.JPG,0
000085.JPG,0
000086.JPG,0
000087.JPG,0
000088.JPG,0
000089.JPG,0
000090.JPG,0
000091.JPG,0
000092.JPG,0
000093.JPG,0
000094.JPG,0
000095.JPG,0
000096.JPG,0
000097.JPG,0
000098.JPG,0
000099.JPG,0
000100.JPG,0
000101.JPG,0
000102.JPG,0
000103.JPG,0
000104.JPG,0
000105.JPG,0
000106.JPG,0
000107.JPG,0
000108.JPG,0
000109.JPG,0
000110.JPG,0
000111.JPG,0
000112.JPG,0
000113.JPG,0
000114.JPG,0
000115.JPG,0
000116.JPG,0
000117.JPG,0
000118.JPG,0
000119.JPG,0
000120.JPG,0
000121.JPG,0
000122.JPG,0
000123.JPG,0
000124.JPG,0
000125.JPG,0
000126.JPG,0
000127.JPG,0
000128.JPG,0
000129.JPG,0
000130.JPG,0
000131.JPG,0
000132.JPG,0
000133.JPG,0
000134.JPG,0
000135.JPG,0
000136.JPG,0
000137.JPG,0
000138.JPG,0
000139.JPG,0
000140.JPG,0
000141.JPG,0
000142.JPG,0
000143.JPG,0
000144.JPG,0
000145.JPG,0
000146.JPG,0
000147.JPG,0
000148.JPG,0
000149.JPG,0
000150.JPG,0
000151.JPG,0
000152.JPG,0
000153.JPG,0
000154.JPG,0
000155.JPG,0
000156.JPG,0
000157.JPG,0
000158.JPG,0
000159.JPG,0
000160.JPG,0
000161.JPG,0
000162.JPG,0
000163.JPG,0
000164.JPG,0
000165.JPG,0
000166.JPG,0
000167.JPG,0
000168.JPG,0
000169.JPG,0
000170.JPG,0
000171.JPG,0
000172.JPG,0
000173.JPG,0
000174.JPG,0
000175.JPG,0
000176.JPG,0
000177.JPG,0
000178.JPG,0
000179.JPG,0
000180.JPG,0
000181.JPG,0
000182.JPG,0
000183.JPG,0
000184.JPG,0
000185.JPG,0
000186.JPG,0
000187.JPG,0
000188.JPG,0
000189.JPG,0
000190.JPG,0
000191.JPG,0
000192.JPG,0
000193.JPG,0
000194.JPG,0
000195.JPG,0
000196.JPG,0
000197.JPG,0
000198.JPG,0
000199.JPG,0
000200.JPG,0
000201.JPG,0
000202.JPG,0
000203.JPG,0
000204.JPG,0
000205.JPG,0
000206.JPG,0
000207.JPG,0
000208.JPG,0
000209.JPG,0
000210.JPG,0
000211.JPG,0
000212.JPG,0
000213.JPG,0
000214.JPG,0
000215.JPG,0
000216.JPG,0
000217.JPG,0
000218.JPG,0
000219.JPG,0
000220.JPG,0
000221.JPG,0
000222.JPG,0
000223.JPG,0
000224.JPG,0
000225.JPG,0
000226.JPG,0
000227.JPG,0
000228.JPG,0
000229.JPG,0
000230.JPG,0
000231.JPG,0
000232.JPG,0
000233.JPG,0
000234.JPG,0
000235.JPG,0
000236.JPG,0
000237.JPG,0
000238.JPG,0
000239.JPG,0
000240.JPG,0
000241.JPG,0
000242.JPG,0
000243.JPG,0
000244.JPG,0
000245.JPG,0
000246.JPG,0
000247.JPG,0
000248.JPG,0
000249.JPG,0
000250.JPG,0
000251.JPG,0
000252.JPG,0
000253.JPG,0
000254.JPG,0
000255.JPG,0
000256.JPG,0
000257.JPG,0
000258.JPG,0
000259.JPG,0
000260.JPG,0
000261.JPG,0
000262.JPG,0
000263.JPG,0
000264.JPG,0
000265.JPG,0
000266.JPG,0
000267.JPG,0
000268.JPG,0
000269.JPG,0
000270.JPG,0
000271.JPG,0
000272.JPG,0
000273.JPG,0
000274.JPG,0
000275.JPG,0
000276.JPG,0
000277.JPG,0
000278.JPG,0
000279.JPG,0
000280.JPG,0
000281.JPG,0
000282.JPG,0
000283.JPG,0
000284.JPG,0
000285.JPG,0
000286.JPG,0
000287.JPG,0
000288.JPG,0
000289.JPG,0
000290.JPG,0
000291.JPG,0
000292.JPG,0
000293.JPG,0
000294.JPG,0
000295.JPG,0
000296.JPG,0
000297.JPG,0
000298.JPG,0
000299.JPG,0
000300.JPG,0
000301.JPG,0
000302.JPG,0
000303.JPG,0
000304.JPG,0
000305.JPG,0
000306.JPG,0
000307.JPG,0
000308.JPG,0
000309.JPG,0
000310.JPG,0
000311.JPG,0
000312.JPG,0
000313.JPG,0
000314.JPG,0
000315.JPG,0
000316.JPG,0
000317.JPG,0
000318.JPG,0
000319.JPG,0
000320.JPG,0
000321.JPG,0
000322.JPG,0
000323.JPG,0
000324.JPG,0
000325.JPG,0
000326.JPG,0
000327.JPG,0
000328.JPG,0
000329.JPG,0
000330.JPG,0
000331.JPG,0
000332.JPG,0
000333.JPG,0
000334.JPG,0
000335.JPG,0
000336.JPG,0
000337.JPG,0
000338.JPG,0
000339.JPG,0
000340.JPG,0
000341.JPG,0
000342.JPG,0
000343.JPG,0
000344.JPG,0
000345.JPG,0
000346.JPG,0
000347.JPG,0
000348.JPG,0
000349.JPG,0
000350.JPG,0
000351.JPG,0
000352.JPG,0
000353.JPG,0
000354.JPG,0
000355.JPG,0
000356.JPG,0
000357.JPG,0
000358.JPG,0
000359.JPG,0
000360.JPG,0
000361.JPG,0
000362.JPG,0
000363.JPG,0
000364.JPG,0
000365.JPG,0
000366.JPG,0
000367.JPG,0
000368.JPG,0
000369.JPG,0
000370.JPG,0
000371.JPG,0
000372.JPG,0
000373.JPG,0
000374.JPG,0
000375.JPG,0
000376.JPG,0
000377.JPG,0
000378.JPG,0
000379.JPG,0
000380.JPG,0
000381.JPG,0
000382.JPG,0
000383.JPG,0
000384.JPG,0
000385.JPG,0
000386.JPG,0
000387.JPG,0
000388.JPG,0
000389.JPG,0
000390.JPG,0
000391.JPG,0
000392.JPG,0
000393.JPG,0
000394.JPG,0
000395.JPG,0
000396.JPG,0
000397.JPG,0
000398.JPG,0
000399.JPG,0
000400.JPG,0
000401.JPG,0
000402.JPG,0
000403.JPG,0
000404.JPG,0
000405.JPG,0
000406.JPG,0
000407.JPG,0
000408.JPG,0
000409.JPG,0
000410.JPG,0
000411.JPG,0
000412.JPG,0
000413.JPG,0
000414.JPG,0
000415.JPG,0
000416.JPG,0
000417.JPG,0
000418.JPG,0
000419.JPG,0
000420.JPG,0
000421.JPG,0
000422.JPG,0
000423.JPG,0
000424.JPG,0
000425.JPG,0
000426.JPG,0
000427.JPG,0
000428.JPG,0
000429.JPG,0
000430.JPG,0
000431.JPG,0
000432.JPG,0
000433.JPG,0
000434.JPG,0
000435.JPG,0
000436.JPG,0
000437.JPG,0
000438.JPG,0
000439.JPG,0
000440.JPG,0
000441.JPG,0
000442.JPG,0
000443.JPG,0
000444.JPG,0
000445.JPG,0
000446.JPG,0
000447.JPG,0
000448.JPG,0
000449.JPG,0
000450.JPG,0
000451.JPG,0
000452.JPG,0
000453.JPG,0
000454.JPG,0
000455.JPG,0
000456.JPG,0
000457.JPG,0
000458.JPG,0
000459.JPG,0
000460.JPG,0
000461.JPG,0
000462.JPG,0
000463.JPG,0
000464.JPG,0
000465.JPG,0
000466.JPG,0
000467.JPG,0
000468.JPG,0
000469.JPG,0
000470.JPG,0
000471.JPG,0
000472.JPG,0
000473.JPG,0
000474.JPG,0
000475.JPG,0
000476.JPG,0
000477.JPG,0
000478.JPG,0
000479.JPG,0
000480.JPG,0
000481.JPG,0
000482.JPG,0
000483.JPG,0
000484.JPG,0
000485.JPG,0
000486.JPG,0
000487.JPG,0
000488.JPG,0
000489.JPG,0
000490.JPG,0
000491.JPG,0
000492.JPG,0
000493.JPG,0
000494.JPG,0
000495.JPG,0
000496.JPG,0
000497.JPG,0
000498.JPG,0
000499.JPG,0
000500.JPG,0
000501.JPG,0
000502.JPG,0
000503.JPG,0
000504.JPG,0
000505.JPG,0
000506.JPG,0
000507.JPG,0
000508.JPG,0
000509.JPG,0
000510.JPG,0
000511.JPG,0
000512.JPG,0
000513.JPG,0
000514.JPG,0
000515.JPG,0
000516.JPG,0
000517.JPG,0
000518.JPG,0
000519.JPG,0
000520.JPG,0
000521.JPG,0
000522.JPG,0
000523.JPG,0
000524.JPG,0
000525.JPG,0
000526.JPG,0
000527.JPG,0
000528.JPG,0
000529.JPG,0
000530.JPG,0
000531.JPG,0
000532.JPG,0
000533.JPG,0
000534.JPG,0
000535.JPG,0
000536.JPG,0
000537.JPG,0
000538.JPG,0
000539.JPG,0
000540.JPG,0
000541.JPG,0
000542.JPG,0
000543.JPG,0
000544.JPG,0
000545.JPG,0
000546.JPG,0
000547.JPG,0
000548.JPG,0
000549.JPG,0
000550.JPG,0
000551.JPG,0
000552.JPG,0
000553.JPG,0
000554.JPG,0
000555.JPG,0
000556.JPG,0
000557.JPG,0
000558.JPG,0
000559.JPG,0
000560.JPG,0
000561.JPG,0
000562.JPG,0
000563.JPG,0
000564.JPG,0
000565.JPG,0
000566.JPG,0
000567.JPG,0
000568.JPG,0
000569.JPG,0
000570.JPG,0
000571.JPG,0
000572.JPG,0
000573.JPG,0
000574.JPG,0
000575.JPG,0
000576.JPG,0
000577.JPG,0
000578.JPG,0
000579.JPG,0
000580.JPG,0
000581.JPG,0
000582.JPG,0
000583.JPG,0
000584.JPG,0
000585.JPG,0
000586.JPG,0
000587.JPG,0
000588.JPG,0
000589.JPG,0
000590.JPG,0
000591.JPG,0
000592.JPG,0
000593.JPG,0
000594.JPG,0
000595.JPG,0
000596.JPG,0
000597.JPG,0
000598.JPG,0
000599.JPG,0
000600.JPG,0
000601.JPG,0
000602.JPG,0
000603.JPG,0
000604.JPG,0
000605.JPG,0
000606.JPG,0
000607.JPG,0
000608.JPG,0
000609.JPG,0
000610.JPG,0
000611.JPG,0
000612.JPG,0
000613.JPG,0
000614.JPG,0
000615.JPG,0
000616.JPG,0
000617.JPG,0
000618.JPG,0
000619.JPG,0
000620.JPG,0
000621.JPG,0
000622.JPG,0
000623.JPG,0
000624.JPG,0
000625.JPG,0
000626.JPG,0
000627.JPG,0
000628.JPG,0
000629.JPG,0
000630.JPG,0
000631.JPG,0
000632.JPG,0
000633.JPG,0
000634.JPG,0
000635.JPG,0
000636.JPG,0
000637.JPG,0
000638.JPG,0
000639.JPG,0
000640.JPG,0
000641.JPG,0
000642.JPG,0
000643.JPG,0
000644.JPG,0
000645.JPG,0
000646.JPG,0
000647.JPG,0
000648.JPG,0
000649.JPG,0
000650.JPG,0
000651.JPG,0
000652.JPG,0
000653.JPG,0
000654.JPG,0
000655.JPG,0
000656.JPG,0
000657.JPG,0
000658.JPG,0
000659.JPG,0
000660.JPG,0
000661.JPG,0
000662.JPG,0
000663.JPG,0
000664.JPG,0
000665.JPG,0
000666.JPG,0
000667.JPG,0
000668.JPG,0
000669.JPG,0
000670.JPG,0
000671.JPG,0
000672.JPG,0
000673.JPG,0
000674.JPG,0
000675.JPG,0
000676.JPG,0
000677.JPG,0
000678.JPG,0
000679.JPG,0
000680.JPG,0
000681.JPG,0
000682.JPG,0
000683.JPG,0
000684.JPG,0
000685.JPG,0
000686.JPG,0
000687.JPG,0
000688.JPG,0
000689.JPG,0
000690.JPG,0
000691.JPG,0
000692.JPG,0
000693.JPG,0
000694.JPG,0
000695.JPG,0
000696.JPG,0
000697.JPG,0
000698.JPG,0
000699.JPG,0
000700.JPG,0
000701.JPG,0
000702.JPG,0
000703.JPG,0
000704.JPG,0
000705.JPG,0
000706.JPG,0
000707.JPG,0
000708.JPG,0
000709.JPG,0
000710.JPG,0
000711.JPG,0
000712.JPG,0
000713.JPG,0
000714.JPG,0
000715.JPG,0
000716.JPG,0
000717.JPG,0
000718.JPG,0
000719.JPG,0
000720.JPG,0
000721.JPG,0
000722.JPG,0
000723.JPG,0
000724.JPG,0
000725.JPG,0
000726.JPG,0
000727.JPG,0
000728.JPG,0
000729.JPG,0
000730.JPG,0
000731.JPG,0
000732.JPG,0
000733.JPG,0
000734.JPG,0
000735.JPG,0
000736.JPG,0
000737.JPG,0
000738.JPG,0
000739.JPG,0
000740.JPG,0
000741.JPG,0
000742.JPG,0
000743.JPG,0
000744.JPG,0
000745.JPG,0
000746.JPG,0
000747.JPG,0
000748.JPG,0
000749.JPG,0
000750.JPG,0
000751.JPG,0
000752.JPG,0
000753.JPG,0
000754.JPG,0
000755.JPG,0
000756.JPG,0
000757.JPG,0
000758.JPG,0
000759.JPG,0
000760.JPG,0
000761.JPG,0
000762.JPG,0
000763.JPG,0
000764.JPG,0
000765.JPG,0
000766.JPG,0
000767.JPG,0
000768.JPG,0
000769.JPG,0
000770.JPG,0
000771.JPG,0
000772.JPG,0
000773.JPG,0
000774.JPG,0
000775.JPG,0
000776.JPG,0
000777.JPG,0
000778.JPG,0
000779.JPG,0
000780.JPG,0
000781.JPG,0
000782.JPG,0
000783.JPG,0
000784.JPG,0
000785.JPG,0
000786.JPG,0
000787.JPG,0
000788.JPG,0
000789.JPG,0
000790.JPG,0
000791.JPG,0
000792.JPG,0
000793.JPG,0
000794.JPG,0
000795.JPG,0
000796.JPG,0
000797.JPG,0
000798.JPG,0
000799.JPG,0
000800.JPG,0
000801.JPG,0
000802.jpg,0
000803.jpg,0
000804.jpg,0
000805.jpg,0
000806.jpg,0
000807.jpg,0
000808.jpg,0
000809.JPG,0
000810.JPG,0
000811.JPG,0
000812.JPG,0
000813.JPG,0
000814.JPG,0
000815.JPG,0
000816.JPG,0
000817.JPG,0
000818.JPG,0
000819.JPG,0
000820.JPG,0
000821.JPG,0
000822.JPG,0
000823.JPG,0
000824.JPG,0
000825.JPG,0
000826.JPG,0
000827.JPG,0
000828.JPG,0
000829.JPG,0
000830.JPG,0
000831.JPG,0
000832.JPG,0
000833.JPG,0
000834.JPG,0
000835.JPG,0
000836.JPG,0
000837.JPG,0
000838.JPG,0
000839.JPG,0
000840.JPG,0
000841.JPG,0
000842.JPG,0
000843.JPG,0
000844.JPG,0
000845.JPG,0
000846.JPG,0
000847.JPG,0
000848.JPG,0
000849.JPG,0
000850.JPG,0
000851.JPG,0
000852.JPG,0
000853.JPG,0
000854.JPG,0
000855.JPG,0
000856.JPG,0
000857.JPG,0
000858.JPG,0
000859.JPG,0
000860.JPG,0
000861.JPG,0
000862.JPG,0
000863.JPG,0
000864.JPG,0
000865.JPG,0
000866.JPG,0
000867.JPG,0
000868.JPG,0
000869.JPG,0
000870.JPG,0
000871.JPG,0
000872.JPG,0
000873.JPG,0
000874.JPG,0
000875.JPG,0
000876.JPG,0
000877.JPG,0
000878.JPG,0
000879.JPG,0
000880.JPG,0
000881.JPG,0
000882.JPG,0
000883.JPG,0
000884.JPG,0
000885.JPG,0
000886.JPG,0
000887.JPG,0
000888.JPG,0
000889.JPG,0
000890.JPG,0
000891.JPG,0
000892.JPG,0
000893.JPG,0
000894.JPG,0
000895.JPG,0
000896.JPG,0
000897.JPG,0
000898.JPG,0
000899.JPG,0
000900.JPG,0
000901.JPG,0
000902.JPG,0
000903.JPG,0
000904.JPG,0
000905.JPG,0
000906.JPG,0
000907.JPG,0
000908.JPG,0
000909.JPG,0
000910.JPG,0
000911.JPG,0
000912.JPG,0
000913.JPG,0
000914.JPG,0
000915.JPG,0
000916.JPG,0
000917.JPG,0
000918.JPG,0
000919.JPG,0
000920.JPG,0
000921.JPG,0
000922.JPG,0
000923.JPG,0
000924.JPG,0
000925.JPG,0
000926.JPG,0
000927.JPG,0
000928.JPG,0
000929.JPG,0
000930.JPG,0
000931.JPG,0
000932.JPG,0
000933.JPG,0
000934.JPG,0
000935.JPG,0
000936.JPG,0
000937.JPG,0
000938.JPG,0
000939.JPG,0
000940.JPG,0
000941.JPG,0
000942.JPG,0
000943.JPG,0
000944.JPG,0
000945.JPG,0
000946.JPG,0
000947.JPG,0
000948.JPG,0
000949.JPG,0
000950.JPG,0
000951.JPG,0
000952.JPG,0
000953.JPG,0
000954.JPG,0
000955.JPG,0
000956.JPG,0
000957.JPG,0
000958.JPG,0
000959.JPG,0
000960.JPG,0
000961.JPG,0
000962.JPG,0
000963.JPG,0
000964.JPG,0
000965.JPG,0
000966.JPG,0
000967.JPG,0
000968.JPG,0
000969.JPG,0
000970.JPG,0
000971.JPG,0
000972.JPG,0
000973.JPG,0
000974.JPG,0
000975.JPG,0
000976.JPG,0
000977.JPG,0
000978.JPG,0
000979.JPG,0
000980.JPG,0
000981.JPG,0
000982.JPG,0
000983.JPG,0
000984.JPG,0
000985.JPG,0
000986.JPG,0
000987.JPG,0
000988.JPG,0
000989.JPG,0
000990.JPG,0
000991.JPG,0
000992.JPG,0
000993.JPG,0
000994.JPG,0
000995.JPG,0
000996.JPG,0
000997.JPG,0
000998.JPG,0
000999.JPG,0
001000.JPG,0
001001.JPG,0
001002.JPG,0
001003.JPG,0
001004.JPG,0
001005.JPG,0
001006.JPG,0
001007.JPG,0
001008.JPG,0
001009.JPG,0
001010.JPG,0
001011.JPG,0
001012.JPG,0
001013.JPG,0
001014.JPG,0
001015.JPG,0
001016.JPG,0
001017.JPG,0
001018.JPG,0
001019.JPG,0
001020.JPG,0
001021.JPG,0
001022.JPG,0
001023.JPG,0
001024.JPG,0
001025.JPG,0
001026.JPG,0
001027.JPG,0
001028.JPG,0
001029.JPG,0
001030.JPG,0
001031.JPG,0
001032.JPG,0
001033.JPG,0
001034.JPG,0
001035.JPG,0
001036.JPG,0
001037.JPG,0
001038.JPG,0
001039.JPG,0
001040.JPG,0
001041.JPG,0
001042.JPG,0
001043.JPG,0
001044.JPG,0
001045.JPG,0
001046.JPG,0
001047.JPG,0
001048.JPG,0
001049.JPG,0
001050.JPG,0
001051.JPG,0
001052.JPG,0
001053.JPG,0
001054.JPG,0
001055.JPG,0
001056.JPG,0
001057.JPG,0
001058.JPG,0
001059.JPG,0
001060.JPG,0
001061.JPG,0
001062.JPG,0
001063.JPG,0
001064.JPG,0
001065.JPG,0
001066.JPG,0
001067.JPG,0
001068.JPG,0
001069.JPG,0
001070.JPG,0
001071.JPG,0
001072.JPG,0
001073.JPG,0
001074.JPG,0
001075.JPG,0
001076.JPG,0
001077.JPG,0
001078.JPG,0
001079.JPG,0
001080.JPG,0
001081.JPG,0
001082.JPG,0
001083.JPG,0
001084.JPG,0
001085.JPG,0
001086.JPG,0
001087.JPG,0
001088.JPG,0
001089.JPG,0
001090.JPG,0
001091.JPG,0
001092.JPG,0
001093.JPG,0
001094.JPG,0
001095.JPG,0
001096.JPG,0
001097.JPG,0
001098.JPG,0
001099.JPG,0
001100.JPG,0
001101.JPG,0
001102.JPG,0
001103.JPG,0
001104.JPG,0
001105.JPG,0
001106.JPG,0
001107.JPG,0
001108.JPG,0
001109.JPG,0
001110.JPG,0
001111.JPG,0
001112.JPG,0
001113.JPG,0
001114.JPG,0
001115.JPG,0
001116.JPG,0
001117.JPG,0
001118.JPG,0
001119.JPG,0
001120.JPG,0
001121.JPG,0
001122.JPG,0
001123.JPG,0
001124.JPG,0
001125.JPG,0
001126.JPG,0
001127.JPG,0
001128.JPG,0
001129.JPG,0
001130.JPG,0
001131.JPG,0
001132.JPG,0
001133.JPG,0
001134.JPG,0
001135.JPG,0
001136.JPG,0
001137.JPG,0
001138.JPG,0
001139.JPG,0
001140.JPG,0
001141.JPG,0
001142.JPG,0
001143.JPG,0
001144.JPG,0
001145.JPG,0
001146.JPG,0
001147.JPG,0
001148.JPG,0
001149.JPG,0
001150.JPG,0
001151.JPG,0
001152.JPG,0
001153.JPG,0
001154.JPG,0
001155.JPG,0
001156.JPG,0
001157.JPG,0
001158.JPG,0
001159.JPG,0
001160.JPG,0
001161.JPG,0
001162.JPG,0
001163.JPG,0
001164.JPG,0
001165.JPG,0
001166.JPG,0
001167.JPG,0
001168.JPG,0
001169.JPG,0
001170.JPG,0
001171.JPG,0
001172.JPG,0
001173.JPG,0
001174.JPG,0
001175.JPG,0
001176.JPG,0
001177.JPG,0
001178.JPG,0
001179.JPG,0
001180.JPG,0
001181.JPG,0
001182.JPG,0
001183.JPG,0
001184.JPG,0
001185.JPG,0
001186.JPG,0
001187.JPG,0
001188.JPG,0
001189.JPG,0
001190.JPG,0
001191.JPG,0
001192.JPG,0
001193.JPG,0
001194.JPG,0
001195.JPG,0
001196.JPG,0
001197.JPG,0
001198.JPG,0
001199.JPG,0
001200.JPG,0
001201.JPG,0
001202.JPG,0
001203.JPG,0
001204.JPG,0
001205.JPG,0
001206.JPG,0
001207.JPG,0
001208.JPG,0
001209.JPG,0
001210.JPG,0
001211.JPG,0
001212.JPG,0
001213.JPG,0
001214.JPG,0
001215.JPG,0
001216.JPG,0
001217.JPG,0
001218.JPG,0
001219.JPG,0
001220.JPG,0
001221.JPG,0
001222.JPG,0
001223.JPG,0
001224.JPG,0
001225.JPG,0
001226.JPG,0
001227.JPG,0
001228.JPG,0
001229.JPG,0
001230.JPG,0
001231.JPG,0
001232.JPG,0
001233.JPG,0
001234.JPG,0
001235.JPG,0
001236.JPG,0
001237.JPG,0
001238.JPG,0
001239.JPG,0
001240.JPG,0
001241.JPG,0
001242.JPG,0
001243.JPG,0
001244.JPG,0
001245.JPG,0
001246.JPG,0
001247.JPG,0
001248.JPG,0
001249.JPG,0
001250.JPG,0
001251.JPG,0
001252.JPG,0
001253.JPG,0
001254.JPG,0
001255.JPG,0
001256.JPG,0
001257.JPG,0
001258.JPG,0
001259.JPG,0
001260.JPG,0
001261.JPG,0
001262.JPG,0
001263.JPG,0
001264.JPG,0
001265.JPG,0
001266.JPG,0
001267.JPG,0
001268.JPG,0
001269.JPG,0
001270.JPG,0
001271.JPG,0
001272.JPG,0
001273.JPG,0
001274.JPG,0
001275.JPG,0
001276.JPG,0
001277.JPG,0
001278.JPG,0
001279.JPG,0
001280.JPG,0
001281.JPG,0
001282.JPG,0
001283.JPG,0
001284.JPG,0
001285.JPG,0
001286.JPG,0
001287.JPG,0
001288.JPG,0
001289.JPG,0
001290.JPG,0
001291.JPG,0
001292.JPG,0
001293.JPG,0
001294.JPG,0
001295.JPG,0
001296.JPG,0
001297.JPG,0
001298.JPG,0
001299.JPG,0
001300.JPG,0
001301.JPG,0
001302.JPG,0
001303.JPG,0
001304.JPG,0
001305.JPG,0
001306.JPG,0
001307.JPG,0
001308.JPG,0
001309.JPG,0
001310.JPG,0
001311.JPG,0
001312.JPG,0
001313.JPG,0
001314.JPG,0
001315.JPG,0
001316.JPG,0
001317.JPG,0
001318.JPG,0
001319.JPG,0
001320.JPG,0
001321.JPG,0
001322.JPG,0
001323.JPG,0
001324.JPG,0
001325.JPG,0
001326.JPG,0
001327.JPG,0
001328.JPG,0
001329.JPG,0
001330.JPG,0
001331.JPG,0
001332.JPG,0
001333.JPG,0
001334.JPG,0
001335.JPG,0
001336.JPG,0
001337.JPG,0
001338.JPG,0
001339.JPG,0
001340.JPG,0
001341.JPG,0
001342.JPG,0
001343.JPG,0
001344.JPG,0
001345.JPG,0
001346.JPG,0
001347.JPG,0
001348.JPG,0
001349.JPG,0
001350.JPG,0
001351.JPG,0
001352.JPG,0
001353.JPG,0
001354.JPG,0
001355.JPG,0
001356.JPG,0
001357.JPG,0
001358.JPG,0
001359.JPG,0
001360.JPG,0
001361.JPG,0
001362.JPG,0
001363.JPG,0
001364.JPG,0
001365.JPG,0
001366.JPG,0
001367.JPG,0
001368.JPG,0
001369.JPG,0
001370.JPG,0
001371.JPG,0
001372.JPG,0
001373.JPG,0
001374.JPG,0
001375.JPG,0
001376.JPG,0
001377.JPG,0
001378.JPG,0
001379.JPG,0
001380.JPG,0
001381.JPG,0
001382.JPG,0
001383.JPG,0
001384.JPG,0
001385.JPG,0
001386.JPG,0
001387.JPG,0
001388.JPG,0
001389.JPG,0
001390.JPG,0
001391.JPG,0
001392.JPG,0
001393.JPG,0
001394.JPG,0
001395.JPG,0
001396.JPG,0
001397.JPG,0
001398.JPG,0
001399.JPG,0
001400.JPG,0
001401.JPG,0
001402.JPG,0
001403.JPG,0
001404.JPG,0
001405.JPG,0
001406.JPG,0
001407.JPG,0
001408.JPG,0
001409.JPG,0
001410.JPG,0
001411.JPG,0
001412.JPG,0
001413.JPG,0
001414.JPG,0
001415.JPG,0
001416.JPG,0
001417.JPG,0
001418.JPG,0
001419.JPG,0
001420.JPG,0
001421.JPG,0
001422.JPG,0
001423.JPG,0
001424.JPG,0
001425.JPG,0
001426.JPG,0
001427.JPG,0
001428.JPG,0
001429.JPG,0
001430.JPG,0
001431.JPG,0
001432.JPG,0
001433.JPG,0
001434.JPG,0
001435.JPG,0
001436.JPG,0
001437.JPG,0
001438.JPG,0
001439.JPG,0
001440.JPG,0
001441.JPG,0
001442.JPG,0
001443.JPG,0
001444.JPG,0
001445.JPG,0
001446.JPG,0
001447.JPG,0
001448.JPG,0
001449.JPG,0
001450.JPG,0
001451.JPG,0
001452.JPG,0
001453.JPG,0
001454.JPG,0
001455.JPG,0
001456.JPG,0
001457.JPG,0
001458.JPG,0
001459.JPG,0
001460.JPG,0
001461.JPG,0
001462.JPG,0
001463.JPG,0
001464.JPG,0
001465.JPG,0
001466.JPG,0
001467.JPG,0
001468.JPG,0
001469.JPG,0
001470.JPG,0
001471.JPG,0
001472.JPG,0
001473.JPG,0
001474.JPG,0
001475.JPG,0
001476.JPG,0
001477.JPG,0
001478.JPG,0
001479.JPG,0
001480.JPG,0
001481.JPG,0
001482.JPG,0
001483.JPG,0
001484.JPG,0
001485.JPG,0
001486.JPG,0
001487.JPG,0
001488.JPG,0
001489.JPG,0
001490.JPG,0
001491.JPG,0
001492.JPG,0
001493.JPG,0
001494.JPG,0
001495.JPG,0
001496.JPG,0
001497.JPG,0
001498.JPG,0
001499.JPG,0
001500.JPG,0
001501.JPG,0
001502.JPG,0
001503.JPG,0
001504.JPG,0
001505.JPG,0
001506.JPG,0
001507.JPG,0
001508.JPG,0
001509.JPG,0
001510.JPG,0
001511.JPG,0
001512.JPG,0
001513.JPG,0
001514.JPG,0
001515.JPG,0
001516.JPG,0
001517.JPG,0
001518.JPG,0
001519.JPG,0
001520.JPG,0
001521.JPG,0
001522.JPG,0
001523.JPG,0
001524.JPG,0
001525.JPG,0
001526.JPG,0
001527.JPG,0
001528.JPG,0
001529.JPG,0
001530.JPG,0
001531.JPG,0
001532.JPG,0
001533.JPG,0
001534.JPG,0
001535.JPG,0
001536.JPG,0
001537.JPG,0
001538.JPG,0
001539.JPG,0
001540.JPG,0
001541.JPG,0
001542.JPG,0
001543.JPG,0
001544.JPG,0
001545.JPG,0
001546.JPG,0
001547.JPG,0
001548.JPG,0
001549.JPG,0
001550.JPG,0
001551.JPG,0
001552.JPG,0
001553.JPG,0
001554.JPG,0
001555.JPG,0
001556.JPG,0
001557.JPG,0
001558.JPG,0
001559.JPG,0
001560.JPG,0
001561.JPG,0
001562.JPG,0
001563.JPG,0
001564.JPG,0
001565.JPG,0
001566.JPG,0
001567.JPG,0
001568.JPG,0
001569.JPG,0
001570.JPG,0
001571.JPG,0
001572.JPG,0
001573.JPG,0
001574.JPG,0
001575.JPG,0
001576.JPG,0
001577.JPG,0
001578.JPG,0
001579.JPG,0
001580.JPG,0
001581.JPG,0
001582.JPG,0
001583.JPG,0
001584.JPG,0
001585.JPG,0
001586.JPG,0
001587.JPG,0
001588.JPG,0
001589.JPG,0
001590.JPG,0
001591.JPG,0
001592.JPG,0
001593.JPG,0
001594.JPG,0
001595.JPG,0
001596.JPG,0
001597.JPG,0
001598.JPG,0
001599.JPG,0
001600.JPG,0
001601.JPG,0
001602.JPG,0
001603.JPG,0
001604.JPG,0
001605.JPG,0
001606.JPG,0
001607.JPG,0
001608.JPG,0
001609.JPG,0
001610.JPG,0
001611.JPG,0
001612.JPG,0
001613.JPG,0
001614.JPG,0
001615.JPG,0
001616.JPG,0
001617.JPG,0
001618.JPG,0
001619.JPG,0
001620.JPG,0
001621.JPG,0
001622.JPG,0
001623.JPG,0
001624.JPG,0
001625.JPG,0
001626.JPG,0
001627.JPG,0
001628.JPG,0
001629.JPG,0
001630.JPG,0
001631.JPG,0
001632.JPG,0
001633.JPG,0
001634.JPG,0
001635.JPG,0
001636.JPG,0
001637.JPG,0
001638.JPG,0
001639.JPG,0
001640.JPG,0
001641.JPG,0
001642.JPG,0
001643.JPG,0
001644.JPG,0
001645.JPG,0
001646.JPG,0
001647.JPG,0
001648.JPG,0
001649.JPG,0
001650.JPG,0
001651.JPG,0
001652.JPG,0
001653.JPG,0
001654.JPG,0
001655.JPG,0
001656.JPG,0
001657.JPG,0
001658.JPG,0
001659.JPG,0
001660.JPG,0
001661.JPG,0
001662.JPG,0
001663.JPG,0
001664.JPG,0
001665.JPG,0
001666.JPG,0
001667.JPG,0
001668.JPG,0
001669.JPG,0
001670.JPG,0
001671.JPG,0
001672.JPG,0
001673.JPG,0
001674.JPG,0
001675.JPG,0
001676.JPG,0
001677.JPG,0
001678.JPG,0
001679.JPG,0
001680.JPG,0
001681.JPG,0
001682.JPG,0
001683.JPG,0
001684.JPG,0
001685.JPG,0
001686.JPG,0
001687.JPG,0
001688.JPG,0
001689.JPG,0
001690.JPG,0
001691.JPG,0
001692.JPG,0
001693.JPG,0
001694.JPG,0
001695.JPG,0
001696.JPG,0
001697.JPG,0
001698.JPG,0
001699.JPG,0
001700.JPG,0
001701.JPG,0
001702.JPG,0
001703.JPG,0
001704.JPG,0
001705.JPG,0
001706.JPG,0
001707.JPG,0
001708.JPG,0
001709.JPG,0
001710.JPG,0
001711.JPG,0
001712.JPG,0
001713.JPG,0
001714.JPG,0
001715.JPG,0
001716.JPG,0
001717.JPG,0
001718.JPG,0
001719.JPG,0
001720.JPG,0
001721.JPG,0
001722.JPG,0
001723.JPG,0
001724.JPG,0
001725.JPG,0
001726.JPG,0
001727.JPG,0
001728.JPG,0
001729.JPG,0
001730.JPG,0
001731.JPG,0
001732.JPG,0
001733.JPG,0
001734.JPG,0
001735.JPG,0
001736.JPG,0
001737.JPG,0
001738.JPG,0
001739.JPG,0
001740.JPG,0
001741.JPG,0
001742.JPG,0
001743.JPG,0
001744.JPG,0
001745.JPG,0
001746.JPG,0
001747.JPG,0
001748.JPG,0
001749.JPG,0
001750.JPG,0
001751.JPG,0
001752.JPG,0
001753.JPG,0
001754.JPG,0
001755.JPG,0
001756.JPG,0
001757.JPG,0
001758.JPG,0
001759.JPG,0
001760.JPG,0
001761.JPG,0
001762.JPG,0
001763.JPG,0
001764.JPG,0
001765.JPG,0
001766.JPG,0
001767.JPG,0
001768.JPG,0
001769.JPG,0
001770.JPG,0
001771.JPG,0
001772.JPG,0
001773.JPG,0
001774.JPG,0
001775.JPG,0
001776.JPG,0
001777.JPG,0
001778.JPG,0
001779.JPG,0
001780.JPG,0
001781.JPG,0
001782.JPG,0
001783.JPG,0
001784.JPG,0
001785.JPG,0
001786.JPG,0
001787.JPG,0
001788.JPG,0
001789.JPG,0
001790.JPG,0
001791.JPG,0
001792.JPG,0
001793.JPG,0
001794.JPG,0
001795.JPG,0
001796.JPG,0
001797.JPG,0
001798.JPG,0
001799.JPG,0
001800.JPG,0
001801.JPG,0
001802.JPG,0
001803.JPG,0
001804.JPG,0
001805.JPG,0
001806.JPG,0
001807.JPG,0
001808.JPG,0
001809.JPG,0
001810.JPG,0
001811.JPG,0
001812.JPG,0
001813.JPG,0
001814.JPG,0
001815.JPG,0
001816.JPG,0
001817.JPG,0
001818.JPG,0
001819.JPG,0
001820.JPG,0
001821.JPG,0
001822.JPG,0
001823.JPG,0
001824.JPG,0
001825.JPG,0
001826.JPG,0
001827.JPG,0
001828.JPG,0
001829.JPG,0
001830.JPG,0
001831.JPG,0
001832.JPG,0
001833.JPG,0
001834.JPG,0
001835.JPG,0
001836.JPG,0
001837.JPG,0
001838.JPG,0
001839.JPG,0
001840.JPG,0
001841.JPG,0
001842.JPG,0
001843.JPG,0
001844.JPG,0
001845.JPG,0
001846.JPG,0
001847.JPG,0
001848.JPG,0
001849.JPG,0
001850.JPG,0
001851.JPG,0
001852.JPG,0
001853.JPG,0
001854.JPG,0
001855.JPG,0
001856.JPG,0
001857.JPG,0
001858.JPG,0
001859.JPG,0
001860.JPG,0
001861.JPG,0
001862.JPG,0
001863.JPG,0
001864.JPG,0
001865.JPG,0
001866.JPG,0
001867.JPG,0
001868.JPG,0
001869.JPG,0
001870.JPG,0
001871.JPG,0
001872.JPG,0
001873.JPG,0
001874.JPG,0
001875.JPG,0
001876.JPG,0
001877.JPG,0
001878.JPG,0
001879.JPG,0
001880.JPG,0
001881.JPG,0
001882.JPG,0
001883.JPG,0
001884.JPG,0
001885.JPG,0
001886.JPG,0
001887.JPG,0
001888.JPG,0
001889.JPG,0
001890.JPG,0
001891.JPG,0
001892.JPG,0
001893.JPG,0
001894.JPG,0
001895.JPG,0
001896.JPG,0
001897.JPG,0
001898.JPG,0
001899.JPG,0
001900.JPG,0
001901.JPG,0
001902.JPG,0
001903.JPG,0
001904.JPG,0
001905.JPG,0
001906.JPG,0
001907.JPG,0
001908.JPG,0
001909.JPG,0
001910.JPG,0
001911.JPG,0
001912.JPG,0
001913.JPG,0
001914.JPG,0
001915.JPG,0
001916.JPG,0
001917.JPG,0
001918.JPG,0
001919.JPG,0
001920.JPG,0
001921.JPG,0
001922.JPG,0
001923.JPG,0
001924.JPG,0
001925.JPG,0
001926.JPG,0
001927.JPG,0
001928.JPG,0
001929.JPG,0
001930.JPG,0
001931.JPG,0
001932.JPG,0
001933.JPG,0
001934.JPG,0
001935.JPG,0
001936.JPG,0
001937.JPG,0
001938.JPG,0
001939.JPG,0
001940.JPG,0
001941.JPG,0
001942.JPG,0
001943.JPG,0
001944.JPG,0
001945.JPG,0
001946.JPG,0
001947.JPG,0
001948.JPG,0
001949.JPG,0
001950.JPG,0
001951.JPG,0
001952.JPG,0
001953.JPG,0
001954.JPG,0
001955.JPG,0
001956.JPG,0
001957.JPG,0
001958.JPG,0
001959.JPG,0
001960.JPG,0
001961.JPG,0
001962.JPG,0
001963.JPG,0
001964.JPG,0
001965.JPG,0
001966.JPG,0
001967.JPG,0
001968.JPG,0
001969.JPG,0
001970.JPG,0
001971.JPG,0
001972.JPG,0
001973.JPG,0
001974.JPG,0
001975.JPG,0
001976.JPG,0
001977.JPG,0
001978.JPG,0
001979.JPG,0
001980.JPG,0
001981.JPG,0
001982.JPG,0
001983.JPG,0
001984.JPG,0
001985.JPG,0
001986.JPG,0
001987.JPG,0
001988.JPG,0
001989.JPG,0
001990.JPG,0
001991.JPG,0
001992.JPG,0
001993.JPG,0
001994.JPG,0
001995.JPG,0
001996.JPG,0
001997.JPG,0
001998.JPG,0
001999.JPG,0
002000.JPG,0
002001.JPG,0
002002.JPG,0
002003.JPG,0
002004.JPG,0
002005.JPG,0
002006.JPG,0
002007.JPG,0
002008.JPG,0
002009.JPG,0
002010.JPG,0
002011.JPG,0
002012.JPG,0
002013.JPG,0
002014.JPG,0
002015.JPG,0
002016.JPG,0
002017.JPG,0
002018.JPG,0
002019.JPG,0
002020.JPG,0
002021.JPG,0
002022.JPG,0
002023.JPG,0
002024.JPG,0
002025.JPG,0
002026.JPG,0
002027.JPG,0
002028.JPG,0
002029.JPG,0
002030.JPG,0
002031.JPG,0
002032.JPG,0
002033.JPG,0
002034.JPG,0
002035.JPG,0
002036.JPG,0
002037.JPG,0
002038.JPG,0
002039.JPG,0
002040.JPG,0
002041.JPG,0
002042.JPG,0
002043.JPG,0
002044.JPG,0
002045.JPG,0
002046.JPG,0
002047.JPG,0
002048.JPG,0
002049.JPG,0
002050.JPG,0
002051.JPG,0
002052.JPG,0
002053.JPG,0
002054.JPG,0
002055.JPG,0
002056.JPG,0
002057.JPG,0
002058.JPG,0
002059.JPG,0
002060.JPG,0
002061.JPG,0
002062.JPG,0
002063.JPG,0
002064.JPG,0
002065.JPG,0
002066.JPG,0
002067.JPG,0
002068.JPG,0
002069.JPG,0
002070.JPG,0
002071.JPG,0
002072.JPG,0
002073.JPG,0
002074.JPG,0
002075.JPG,0
002076.JPG,0
002077.JPG,0
002078.JPG,0
002079.JPG,0
002080.JPG,0
002081.JPG,0
002082.JPG,0
002083.JPG,0
002084.JPG,0
002085.JPG,0
002086.JPG,0
002087.JPG,0
002088.JPG,0
002089.JPG,0
002090.JPG,0
002091.JPG,0
002092.JPG,0
002093.JPG,0
002094.JPG,0
002095.JPG,0
002096.JPG,0
002097.JPG,0
002098.JPG,0
002099.JPG,0
002100.JPG,0
002101.JPG,0
002102.JPG,0
002103.JPG,0
002104.JPG,0
002105.JPG,0
002106.JPG,0
002107.JPG,0
002108.JPG,0
002109.JPG,0
002110.JPG,0
002111.JPG,0
002112.JPG,0
002113.JPG,0
002114.JPG,0
002115.JPG,0
002116.JPG,0
002117.JPG,0
002118.JPG,0
002119.JPG,0
002120.JPG,0
002121.JPG,0
002122.JPG,0
002123.JPG,0
002124.JPG,0
002125.JPG,0
002126.JPG,0
002127.JPG,0
002128.JPG,0
002129.JPG,0
002130.JPG,0
002131.JPG,0
002132.JPG,0
002133.JPG,0
002134.JPG,0
002135.JPG,0
002136.JPG,0
002137.JPG,0
002138.JPG,0
002139.JPG,0
002140.JPG,0
002141.JPG,0
002142.JPG,0
002143.JPG,0
002144.JPG,0
002145.JPG,0
002146.JPG,0
002147.JPG,0
002148.JPG,0
002149.JPG,0
002150.JPG,0
002151.JPG,0
002152.JPG,0
002153.JPG,0
002154.JPG,0
002155.JPG,0
002156.JPG,0
002157.JPG,0
002158.JPG,0
002159.JPG,0
002160.JPG,0
002161.JPG,0
002162.JPG,0
002163.JPG,0
002164.JPG,0
002165.JPG,0
002166.JPG,0
002167.JPG,0
002168.JPG,0
002169.JPG,0
002170.JPG,0
002171.JPG,0
002172.JPG,0
002173.JPG,0
002174.JPG,0
002175.JPG,0
002176.JPG,0
002177.JPG,0
002178.JPG,0
002179.JPG,0
002180.JPG,0
002181.JPG,0
002182.JPG,0
002183.JPG,0
002184.JPG,0
002185.JPG,0
002186.JPG,0
002187.JPG,0
002188.JPG,0
002189.JPG,0
002190.JPG,0
002191.JPG,0
002192.JPG,0
002193.JPG,0
002194.JPG,0
002195.JPG,0
002196.JPG,0
002197.JPG,0
002198.JPG,0
002199.JPG,0
002200.JPG,0
002201.JPG,0
002202.JPG,0
002203.JPG,0
002204.JPG,0
002205.JPG,0
002206.JPG,0
002207.JPG,0
002208.JPG,0
002209.JPG,0
002210.JPG,0
002211.JPG,0
002212.JPG,0
002213.JPG,0
002214.JPG,0
002215.JPG,0
002216.JPG,0
002217.JPG,0
002218.JPG,0
002219.JPG,0
002220.JPG,0
002221.JPG,0
002222.JPG,0
002223.JPG,0
002224.JPG,0
002225.JPG,0
002226.JPG,0
002227.JPG,0
002228.JPG,0
002229.JPG,0
002230.JPG,0
002231.JPG,0
002232.JPG,0
002233.JPG,0
002234.JPG,0
002235.JPG,0
002236.JPG,0
002237.JPG,0
002238.JPG,0
002239.JPG,0
002240.JPG,0
002241.JPG,0
002242.JPG,0
002243.JPG,0
002244.JPG,0
002245.JPG,0
002246.JPG,0
002247.JPG,0
002248.JPG,0
002249.JPG,0
002250.JPG,0
002251.JPG,0
002252.JPG,0
002253.JPG,0
002254.JPG,0
002255.JPG,0
002256.JPG,0
002257.JPG,0
002258.JPG,0
002259.JPG,0
002260.JPG,0
002261.JPG,0
002262.JPG,0
002263.JPG,0
002264.JPG,0
002265.JPG,0
002266.JPG,0
002267.JPG,0
002268.JPG,0
002269.JPG,0
002270.JPG,0
002271.JPG,0
002272.JPG,0
002273.JPG,0
002274.JPG,0
002275.JPG,0
002276.JPG,0
002277.JPG,0
002278.JPG,0
002279.JPG,0
002280.JPG,0
002281.JPG,0
002282.JPG,0
002283.JPG,0
002284.JPG,0
002285.JPG,0
002286.JPG,0
002287.JPG,0
002288.JPG,0
002289.JPG,0
002290.JPG,0
002291.JPG,0
002292.JPG,0
002293.JPG,0
002294.JPG,0
002295.JPG,0
002296.JPG,0
002297.JPG,0
002298.JPG,0
002299.JPG,0
002300.JPG,0
002301.JPG,0
002302.JPG,0
002303.JPG,0
002304.JPG,0
002305.JPG,0
002306.JPG,0
002307.JPG,0
002308.JPG,0
002309.JPG,0
002310.JPG,0
002311.JPG,0
002312.JPG,0
002313.JPG,0
002314.JPG,0
002315.JPG,0
002316.JPG,0
002317.JPG,0
002318.JPG,0
002319.JPG,0
002320.JPG,0
002321.JPG,0
002322.JPG,0
002323.JPG,0
002324.JPG,0
002325.JPG,0
002326.JPG,0
002327.JPG,0
002328.JPG,0
002329.JPG,0
002330.JPG,0
002331.JPG,0
002332.JPG,0
002333.JPG,0
002334.JPG,0
002335.JPG,0
002336.JPG,0
002337.JPG,0
002338.JPG,0
002339.JPG,0
002340.JPG,0
002341.JPG,0
002342.JPG,0
002343.JPG,0
002344.JPG,0
002345.JPG,0
002346.JPG,0
002347.JPG,0
002348.JPG,0
002349.JPG,0
002350.JPG,0
002351.JPG,0
002352.JPG,0
002353.JPG,0
002354.JPG,0
002355.JPG,0
002356.JPG,0
002357.JPG,0
002358.JPG,0
002359.JPG,0
002360.JPG,0
002361.JPG,0
002362.JPG,0
002363.JPG,0
002364.JPG,0
002365.JPG,0
002366.JPG,0
002367.JPG,0
002368.JPG,0
002369.JPG,0
002370.JPG,0
002371.JPG,0
002372.JPG,0
002373.JPG,0
002374.JPG,0
002375.JPG,0
002376.JPG,0
002377.JPG,0
002378.JPG,0
002379.JPG,0
002380.JPG,0
002381.JPG,0
002382.JPG,0
002383.JPG,0
002384.JPG,0
002385.JPG,0
002386.JPG,0
002387.JPG,0
002388.JPG,0
002389.JPG,0
002390.JPG,0
002391.JPG,0
002392.JPG,0
002393.JPG,0
002394.JPG,0
002395.JPG,0
002396.JPG,0
002397.JPG,0
002398.JPG,0
002399.JPG,0
002400.JPG,0
002401.JPG,0
002402.JPG,0
002403.JPG,0
002404.JPG,0
002405.JPG,0
002406.JPG,0
002407.JPG,0
002408.JPG,0
002409.JPG,0
002410.JPG,0
002411.JPG,0
002412.JPG,0
002413.JPG,0
002414.JPG,0
002415.JPG,0
002416.JPG,0
002417.JPG,0
002418.JPG,0
002419.JPG,0
002420.JPG,0
002421.JPG,0
002422.JPG,0
002423.JPG,0
002424.JPG,0
002425.JPG,0
002426.JPG,0
002427.JPG,0
002428.JPG,0
002429.JPG,0
002430.JPG,0
002431.JPG,0
002432.JPG,0
002433.JPG,0
002434.JPG,0
002435.JPG,0
002436.JPG,0
002437.JPG,0
002438.JPG,0
002439.JPG,0
002440.JPG,0
002441.JPG,0
002442.JPG,0
002443.JPG,0
002444.JPG,0
002445.JPG,0
002446.JPG,0
002447.JPG,0
002448.JPG,0
002449.JPG,0
002450.JPG,0
002451.JPG,0
002452.JPG,0
002453.JPG,0
002454.JPG,0
002455.JPG,0
002456.JPG,0
002457.JPG,0
002458.JPG,0
002459.JPG,0
002460.JPG,0
002461.JPG,0
002462.JPG,0
002463.JPG,0
002464.JPG,0
002465.JPG,0
002466.JPG,0
002467.JPG,0
002468.JPG,0
002469.JPG,0
002470.JPG,0
002471.JPG,0
002472.JPG,0
002473.JPG,0
002474.JPG,0
002475.JPG,0
002476.JPG,0
002477.JPG,0
002478.JPG,0
002479.JPG,0
002480.JPG,0
002481.JPG,0
002482.JPG,0
002483.JPG,0
002484.JPG,0
002485.JPG,0
002486.JPG,0
002487.JPG,0
002488.JPG,0
002489.JPG,0
002490.JPG,0
002491.JPG,0
002492.JPG,0
002493.JPG,0
002494.JPG,0
002495.JPG,0
002496.JPG,0
002497.JPG,0
002498.JPG,0
002499.JPG,0
002500.JPG,0
002501.JPG,0
002502.JPG,0
002503.JPG,0
002504.JPG,0
002505.JPG,0
002506.JPG,0
002507.JPG,0
002508.JPG,0
002509.JPG,0
002510.JPG,0
002511.JPG,0
002512.JPG,0
002513.JPG,0
002514.JPG,0
002515.JPG,0
002516.JPG,0
002517.JPG,0
002518.JPG,0
002519.JPG,0
002520.JPG,0
002521.JPG,0
002522.JPG,0
002523.JPG,0
002524.JPG,0
002525.JPG,0
002526.JPG,0
002527.JPG,0
002528.JPG,0
002529.JPG,0
002530.JPG,0
002531.JPG,0
002532.JPG,0
002533.JPG,0
002534.JPG,0
002535.JPG,0
002536.JPG,0
002537.JPG,0
002538.JPG,0
002539.JPG,0
002540.JPG,0
002541.JPG,0
002542.JPG,0
002543.JPG,0
002544.JPG,0
002545.JPG,0
002546.JPG,0
002547.JPG,0
002548.JPG,0
002549.JPG,0
002550.JPG,0
002551.JPG,0
002552.JPG,0
002553.JPG,0
002554.JPG,0
002555.JPG,0
002556.JPG,0
002557.JPG,0
002558.JPG,0
002559.JPG,0
002560.JPG,0
002561.JPG,0
002562.JPG,0
002563.JPG,0
002564.JPG,0
002565.JPG,0
002566.JPG,0
002567.JPG,0
002568.JPG,0
002569.JPG,0
002570.JPG,0
002571.JPG,0
002572.JPG,0
002573.JPG,0
002574.JPG,0
002575.JPG,0
002576.JPG,0
002577.JPG,0
002578.JPG,0
002579.JPG,0
002580.JPG,0
002581.JPG,0
002582.JPG,0
002583.JPG,0
002584.JPG,0
002585.JPG,0
002586.JPG,0
002587.JPG,0
002588.JPG,0
002589.JPG,0
002590.JPG,0
002591.JPG,0
002592.JPG,0
002593.JPG,0
002594.JPG,0
002595.JPG,0
002596.JPG,0
002597.JPG,0
002598.JPG,0
002599.JPG,0
002600.JPG,0
002601.JPG,0
002602.JPG,0
002603.JPG,0
002604.JPG,0
002605.JPG,0
002606.JPG,0
002607.JPG,0
002608.JPG,0
002609.JPG,0
002610.JPG,0
002611.JPG,0
002612.JPG,0
002613.JPG,0
002614.JPG,0
002615.JPG,0
002616.JPG,0
002617.JPG,0
002618.JPG,0
002619.JPG,0
002620.JPG,0
002621.JPG,0
002622.JPG,0
002623.JPG,0
002624.JPG,0
002625.JPG,0
002626.JPG,0
002627.JPG,0
002628.JPG,0
002629.JPG,0
002630.JPG,0
002631.JPG,0
002632.JPG,0
002633.JPG,0
002634.JPG,0
002635.JPG,0
002636.JPG,0
002637.JPG,0
002638.JPG,0
002639.JPG,0
002640.JPG,0
002641.JPG,0
002642.JPG,0
002643.JPG,0
002644.JPG,0
002645.JPG,0
002646.JPG,0
002647.JPG,0
002648.JPG,0
002649.JPG,0
002650.JPG,0
002651.JPG,0
002652.JPG,0
002653.JPG,0
002654.JPG,0
002655.JPG,0
002656.JPG,0
002657.JPG,0
002658.JPG,0
002659.JPG,0
002660.JPG,0
002661.JPG,0
002662.JPG,0
002663.JPG,0
002664.JPG,0
002665.JPG,0
002666.JPG,0
002667.JPG,0
002668.JPG,0
002669.JPG,0
002670.JPG,0
002671.JPG,0
002672.JPG,0
002673.JPG,0
002674.JPG,0
002675.JPG,0
002676.JPG,0
002677.JPG,0
002678.JPG,0
002679.JPG,0
002680.JPG,0
002681.JPG,0
002682.JPG,0
002683.JPG,0
002684.JPG,0
002685.JPG,0
002686.JPG,0
002687.JPG,0
002688.JPG,0
002689.JPG,0
002690.JPG,0
002691.JPG,0
002692.JPG,0
002693.JPG,0
002694.JPG,0
002695.JPG,0
002696.JPG,0
002697.JPG,0
002698.JPG,0
002699.JPG,0
002700.JPG,0
002701.JPG,0
002702.JPG,0
002703.JPG,0
002704.JPG,0
002705.JPG,0
002706.JPG,0
002707.JPG,0
002708.JPG,0
002709.JPG,0
002710.JPG,0
002711.JPG,0
002712.JPG,0
002713.JPG,0
002714.JPG,0
002715.JPG,0
002716.JPG,0
002717.JPG,0
002718.JPG,0
002719.JPG,0
002720.JPG,0
002721.JPG,0
002722.JPG,0
002723.JPG,0
002724.JPG,0
002725.JPG,0
002726.JPG,0
002727.JPG,0
002728.JPG,0
002729.JPG,0
002730.JPG,0
002731.JPG,0
002732.JPG,0
002733.JPG,0
002734.JPG,0
002735.JPG,0
002736.JPG,0
002737.JPG,0
002738.JPG,0
002739.JPG,0
002740.JPG,0
002741.JPG,0
002742.JPG,0
002743.JPG,0
002744.JPG,0
002745.JPG,0
002746.JPG,0
002747.JPG,0
002748.JPG,0
002749.JPG,0
002750.JPG,0
002751.JPG,0
002752.JPG,0
002753.JPG,0
002754.JPG,0
002755.JPG,0
002756.JPG,0
002757.JPG,0
002758.JPG,0
002759.JPG,0
002760.JPG,0
002761.JPG,0
002762.JPG,0
002763.JPG,0
002764.JPG,0
002765.JPG,0
002766.JPG,0
002767.JPG,0
002768.JPG,0
002769.JPG,0
002770.JPG,0
002771.JPG,0
002772.JPG,0
002773.JPG,0
002774.JPG,0
002775.JPG,0
002776.JPG,0
002777.JPG,0
002778.JPG,0
002779.JPG,0
002780.JPG,0
002781.JPG,0
002782.JPG,0
002783.JPG,0
002784.JPG,0
002785.JPG,0
002786.JPG,0
002787.JPG,0
002788.JPG,0
002789.JPG,0
002790.JPG,0
002791.JPG,0
002792.JPG,0
002793.JPG,0
002794.JPG,0
002795.JPG,0
002796.JPG,0
002797.JPG,0
002798.JPG,0
002799.JPG,0
002800.JPG,0
002801.JPG,0
002802.JPG,0
002803.JPG,0
002804.JPG,0
002805.JPG,0
002806.JPG,0
002807.JPG,0
002808.JPG,0
002809.JPG,0
002810.JPG,0
002811.JPG,0
002812.JPG,0
002813.JPG,0
002814.JPG,0
002815.JPG,0
002816.JPG,0
002817.JPG,0
002818.JPG,0
002819.JPG,0
002820.JPG,0
002821.JPG,0
002822.JPG,0
002823.JPG,0
002824.JPG,0
002825.JPG,0
002826.JPG,0
002827.JPG,0
002828.JPG,0
002829.JPG,0
002830.JPG,0
002831.JPG,0
002832.JPG,0
002833.JPG,0
002834.JPG,0
002835.JPG,0
002836.JPG,0
002837.JPG,0
002838.JPG,0
002839.JPG,0
002840.JPG,0
002841.JPG,0
002842.JPG,0
002843.JPG,0
002844.JPG,0
002845.JPG,0
002846.JPG,0
002847.JPG,0
002848.JPG,0
002849.JPG,0
002850.JPG,0
002851.JPG,0
002852.JPG,0
002853.JPG,0
002854.JPG,0
002855.JPG,0
002856.JPG,0
002857.JPG,0
002858.JPG,0
002859.JPG,0
002860.JPG,0
002861.JPG,0
002862.JPG,0
002863.JPG,0
002864.JPG,0
002865.JPG,0
002866.JPG,0
002867.JPG,0
002868.JPG,0
002869.JPG,0
002870.JPG,0
002871.JPG,0
002872.JPG,0
002873.JPG,0
002874.JPG,0
002875.JPG,0
002876.JPG,0
002877.JPG,0
002878.JPG,0
002879.JPG,0
002880.JPG,0
002881.JPG,0
002882.JPG,0
002883.JPG,0
002884.JPG,0
002885.JPG,0
002886.JPG,0
002887.JPG,0
002888.JPG,0
002889.JPG,0
002890.JPG,0
002891.JPG,0
002892.JPG,0
002893.JPG,0
002894.JPG,0
002895.JPG,0
002896.JPG,0
002897.JPG,0
002898.JPG,0
002899.JPG,0
002900.JPG,0
002901.JPG,0
002902.JPG,0
002903.JPG,0
002904.JPG,0
002905.JPG,0
002906.JPG,0
002907.JPG,0
002908.JPG,0
002909.JPG,0
002910.JPG,0
002911.JPG,0
002912.JPG,0
002913.JPG,0
002914.JPG,0
002915.JPG,0
002916.JPG,0
002917.JPG,0
002918.JPG,0
002919.JPG,0
002920.JPG,0
002921.JPG,0
002922.JPG,0
002923.JPG,0
002924.JPG,0
002925.JPG,0
002926.JPG,0
002927.JPG,0
002928.JPG,0
002929.JPG,0
002930.JPG,0
002931.JPG,0
002932.JPG,0
002933.JPG,0
002934.JPG,0
002935.JPG,0
002936.JPG,0
002937.JPG,0
002938.JPG,0
002939.JPG,0
002940.JPG,0
002941.JPG,0
002942.JPG,0
002943.JPG,0
002944.JPG,0
002945.JPG,0
002946.JPG,0
002947.JPG,0
002948.JPG,0
002949.JPG,0
002950.JPG,0
002951.JPG,0
002952.JPG,0
002953.JPG,0
002954.JPG,0
002955.JPG,0
002956.JPG,0
002957.JPG,0
002958.JPG,0
002959.JPG,0
002960.JPG,0
002961.JPG,0
002962.JPG,0
002963.JPG,0
002964.JPG,0
002965.JPG,0
002966.JPG,0
002967.JPG,0
002968.JPG,0
002969.JPG,0
002970.JPG,0
002971.JPG,0
002972.JPG,0
002973.JPG,0
002974.JPG,0
002975.JPG,0
002976.JPG,0
002977.JPG,0
002978.JPG,0
002979.JPG,0
002980.JPG,0
002981.JPG,0
002982.JPG,0
002983.JPG,0
002984.JPG,0
002985.JPG,0
002986.JPG,0
002987.JPG,0
002988.JPG,0
002989.JPG,0
002990.JPG,0
002991.JPG,0
002992.JPG,0
002993.JPG,0
002994.JPG,0
002995.JPG,0
002996.JPG,0
002997.JPG,0
002998.JPG,0
002999.JPG,0
003000.JPG,0
003001.JPG,0
003002.JPG,0
003003.JPG,0
003004.JPG,0
003005.JPG,0
003006.JPG,0
003007.JPG,0
003008.JPG,0
003009.JPG,0
003010.JPG,0
003011.JPG,0
003012.JPG,0
003013.JPG,0
003014.JPG,0
003015.JPG,0
003016.JPG,0
003017.JPG,0
003018.JPG,0
003019.JPG,0
003020.JPG,0
003021.JPG,0
003022.JPG,0
003023.JPG,0
003024.JPG,0
003025.JPG,0
003026.JPG,0
003027.JPG,0
003028.JPG,0
003029.JPG,0
003030.JPG,0
003031.JPG,0
003032.JPG,0
003033.JPG,0
003034.JPG,0
003035.JPG,0
003036.JPG,0
003037.JPG,0
003038.JPG,0
003039.JPG,0
003040.JPG,0
003041.JPG,0
003042.JPG,0
003043.JPG,0
003044.JPG,0
003045.JPG,0
003046.JPG,0
003047.JPG,0
003048.JPG,0
003049.JPG,0
003050.JPG,0
003051.JPG,0
003052.JPG,0
003053.JPG,0
003054.JPG,0
003055.JPG,0
003056.JPG,0
003057.JPG,0
003058.JPG,0
003059.JPG,0
003060.JPG,0
003061.JPG,0
003062.JPG,0
003063.JPG,0
003064.JPG,0
003065.JPG,0
003066.JPG,0
003067.JPG,0
003068.JPG,0
003069.JPG,0
003070.JPG,0
003071.JPG,0
003072.JPG,0
003073.JPG,0
003074.JPG,0
003075.JPG,0
100001.JPG,1
100002.JPG,1
100003.JPG,1
100004.JPG,1
100005.jpg,1
100006.jpg,1
100007.jpg,1
100008.jpg,1
100009.jpg,1
100010.jpg,1
100011.jpg,1
100012.jpg,1
100013.jpg,1
100014.jpg,1
100015.jpg,1
100016.jpg,1
100017.jpg,1
100018.jpg,1
100019.jpg,1
100020.jpg,1
100021.jpg,1
100022.jpg,1
100023.jpg,1
100024.jpg,1
100025.jpg,1
100026.jpg,1
100027.JPG,1
100028.JPG,1
100029.JPG,1
100030.JPG,1
100031.JPG,1
100032.JPG,1
100033.JPG,1
100034.jpg,1
100035.JPG,1
100036.JPG,1
100037.JPG,1
100038.JPG,1
100039.JPG,1
100040.JPG,1
100041.JPG,1
100042.JPG,1
100043.JPG,1
100044.jpg,1
100045.jpg,1
100046.jpg,1
100047.JPG,1
100048.JPG,1
100049.JPG,1
100050.JPG,1
100051.jpg,1
100052.JPG,1
100053.jpg,1
100054.JPG,1
100055.JPG,1
100056.jpg,1
100057.jpg,1
100058.jpg,1
100059.jpg,1
100060.JPG,1
100061.jpg,1
100062.JPG,1
100063.JPG,1
100064.JPG,1
100065.JPG,1
100066.JPG,1
100067.JPG,1
100068.JPG,1
100069.JPG,1
100070.JPG,1
100071.JPG,1
100072.JPG,1
100073.JPG,1
100074.jpg,1
100075.jpg,1
100076.jpg,1
100077.jpg,1
100078.jpg,1
100079.jpg,1
100080.JPG,1
100081.jpg,1
100082.jpg,1
100083.jpg,1
100084.JPG,1
100085.JPG,1
100086.JPG,1
100087.JPG,1
100088.JPG,1
100089.JPG,1
100090.JPG,1
100091.JPG,1
100092.JPG,1
100093.JPG,1
100094.JPG,1
100095.JPG,1
100096.JPG,1
100097.JPG,1
100098.JPG,1
100099.JPG,1
100100.JPG,1
100101.JPG,1
100102.JPG,1
100103.JPG,1
100104.JPG,1
100105.JPG,1
100106.JPG,1
100107.JPG,1
100108.JPG,1
100109.JPG,1
100110.JPG,1
100111.JPG,1
100112.JPG,1
100113.JPG,1
100114.JPG,1
100115.JPG,1
100116.JPG,1
100117.JPG,1
100118.JPG,1
100119.JPG,1
100120.JPG,1
100121.JPG,1
100122.JPG,1
100123.JPG,1
100124.JPG,1
100125.JPG,1
100126.JPG,1
100127.JPG,1
100128.JPG,1
100129.JPG,1
100130.JPG,1
100131.JPG,1
100132.JPG,1
100133.JPG,1
100134.JPG,1
100135.JPG,1
100136.JPG,1
100137.JPG,1
100138.JPG,1
100139.JPG,1
100140.JPG,1
100141.JPG,1
100142.JPG,1
100143.JPG,1
100144.JPG,1
100145.JPG,1
100146.JPG,1
100147.JPG,1
100148.JPG,1
100149.JPG,1
100150.JPG,1
100151.JPG,1
100152.JPG,1
100153.JPG,1
100154.JPG,1
100155.JPG,1
100156.JPG,1
100157.JPG,1
100158.JPG,1
100159.JPG,1
100160.JPG,1
100161.JPG,1
100162.JPG,1
100163.JPG,1
100164.JPG,1
100165.JPG,1
100166.JPG,1
100167.JPG,1
100168.JPG,1
100169.JPG,1
100170.JPG,1
100171.JPG,1
100172.JPG,1
100173.JPG,1
100174.JPG,1
100175.JPG,1
100176.JPG,1
100177.JPG,1
100178.JPG,1
100179.JPG,1
100180.JPG,1
100181.JPG,1
100182.JPG,1
100183.JPG,1
100184.JPG,1
100185.JPG,1
100186.JPG,1
100187.JPG,1
100188.JPG,1
100189.JPG,1
100190.JPG,1
100191.JPG,1
100192.JPG,1
100193.JPG,1
100194.JPG,1
100195.JPG,1
100196.JPG,1
100197.JPG,1
100198.JPG,1
100199.JPG,1
100200.JPG,1
100201.JPG,1
100202.JPG,1
100203.JPG,1
100204.JPG,1
100205.JPG,1
100206.JPG,1
100207.JPG,1
100208.JPG,1
100209.JPG,1
100210.JPG,1
100211.JPG,1
100212.JPG,1
100213.JPG,1
100214.JPG,1
100215.JPG,1
100216.JPG,1
100217.JPG,1
100218.JPG,1
100219.JPG,1
100220.JPG,1
100221.JPG,1
100222.JPG,1
100223.JPG,1
100224.JPG,1
100225.JPG,1
100226.JPG,1
100227.JPG,1
100228.JPG,1
100229.JPG,1
100230.JPG,1
100231.JPG,1
100232.JPG,1
100233.JPG,1
100234.jpg,1
100235.jpg,1
100236.JPG,1
100237.JPG,1
100238.JPG,1
100239.JPG,1
100240.JPG,1
100241.JPG,1
100242.JPG,1
100243.JPG,1
100244.JPG,1
100245.JPG,1
100246.JPG,1
100247.JPG,1
100248.JPG,1
100249.JPG,1
100250.JPG,1
100251.JPG,1
100252.JPG,1
100253.JPG,1
100254.JPG,1
100255.JPG,1
100256.JPG,1
100257.JPG,1
100258.JPG,1
100259.JPG,1
100260.JPG,1
100261.JPG,1
100262.JPG,1
100263.JPG,1
100264.JPG,1
100265.JPG,1
100266.JPG,1
100267.JPG,1
100268.JPG,1
100269.JPG,1
100270.JPG,1
100271.JPG,1
100272.JPG,1
100273.JPG,1
100274.JPG,1
100275.JPG,1
100276.JPG,1
100277.JPG,1
100278.jpg,1
100279.jpg,1
100280.jpg,1
100281.jpg,1
100282.jpg,1
100283.JPG,1
100284.JPG,1
100285.jpg,1
100286.jpg,1
100287.jpg,1
100288.jpg,1
100289.jpg,1
100290.JPG,1
100291.jpg,1
100292.jpg,1
100293.jpg,1
100294.jpg,1
100295.jpg,1
100296.jpg,1
100297.jpg,1
100298.jpg,1
100299.jpg,1
100300.JPG,1
100301.jpg,1
100302.jpg,1
100303.jpg,1
100304.jpg,1
100305.JPG,1
100306.JPG,1
100307.JPG,1
100308.JPG,1
100309.JPG,1
100310.JPG,1
100311.JPG,1
100312.JPG,1
100313.JPG,1
100314.JPG,1
100315.JPG,1
100316.JPG,1
100317.JPG,1
100318.JPG,1
100319.JPG,1
100320.JPG,1
100321.JPG,1
100322.JPG,1
100323.JPG,1
100324.JPG,1
100325.JPG,1
100326.JPG,1
100327.JPG,1
100328.JPG,1
100329.JPG,1
100330.JPG,1
100331.JPG,1
100332.JPG,1
100333.JPG,1
100334.JPG,1
100335.JPG,1
100336.JPG,1
100337.JPG,1
100338.JPG,1
100339.JPG,1
100340.JPG,1
100341.JPG,1
100342.JPG,1
100343.JPG,1
100344.JPG,1
100345.JPG,1
100346.JPG,1
100347.JPG,1
100348.JPG,1
100349.JPG,1
100350.JPG,1
100351.JPG,1
100352.JPG,1
100353.JPG,1
100354.JPG,1
100355.JPG,1
100356.JPG,1
100357.JPG,1
100358.JPG,1
100359.JPG,1
100360.JPG,1
100361.JPG,1
100362.JPG,1
100363.JPG,1
100364.JPG,1
100365.JPG,1
100366.JPG,1
100367.JPG,1
100368.JPG,1
100369.JPG,1
100370.JPG,1
100371.JPG,1
100372.JPG,1
100373.JPG,1
100374.JPG,1
100375.JPG,1
100376.JPG,1
100377.JPG,1
100378.JPG,1
100379.JPG,1
100380.JPG,1
100381.JPG,1
100382.JPG,1
100383.JPG,1
100384.JPG,1
100385.JPG,1
100386.JPG,1
100387.JPG,1
100388.JPG,1
100389.JPG,1
100390.JPG,1
100391.JPG,1
100392.JPG,1
100393.JPG,1
100394.JPG,1
100395.JPG,1
100396.JPG,1
100397.JPG,1
100398.JPG,1
100399.JPG,1
100400.JPG,1
100401.JPG,1
100402.JPG,1
100403.JPG,1
100404.JPG,1
100405.JPG,1
100406.JPG,1
100407.JPG,1
100408.JPG,1
100409.JPG,1
100410.JPG,1
100411.JPG,1
100412.JPG,1
100413.JPG,1
100414.JPG,1
100415.JPG,1
100416.JPG,1
100417.JPG,1
100418.JPG,1
100419.JPG,1
100420.JPG,1
100421.JPG,1
100422.JPG,1
100423.JPG,1
100424.JPG,1
100425.JPG,1
100426.JPG,1
100427.JPG,1
100428.JPG,1
100429.JPG,1
100430.JPG,1
100431.JPG,1
100432.JPG,1
100433.JPG,1
100434.JPG,1
100435.JPG,1
100436.JPG,1
100437.JPG,1
100438.JPG,1
100439.JPG,1
100440.JPG,1
100441.JPG,1
100442.JPG,1
100443.JPG,1
100444.JPG,1
100445.JPG,1
100446.JPG,1
100447.JPG,1
100448.JPG,1
100449.JPG,1
100450.JPG,1
100451.JPG,1
100452.JPG,1
100453.JPG,1
100454.JPG,1
100455.JPG,1
100456.JPG,1
100457.JPG,1
100458.JPG,1
100459.JPG,1
100460.JPG,1
100461.JPG,1
100462.JPG,1
100463.JPG,1
100464.JPG,1
100465.JPG,1
100466.JPG,1
100467.JPG,1
100468.JPG,1
100469.JPG,1
100470.JPG,1
100471.JPG,1
100472.JPG,1
100473.JPG,1
100474.JPG,1
100475.JPG,1
100476.JPG,1
100477.JPG,1
100478.JPG,1
100479.JPG,1
100480.JPG,1
100481.JPG,1
100482.JPG,1
100483.JPG,1
100484.JPG,1
100485.JPG,1
100486.JPG,1
100487.JPG,1
100488.JPG,1
100489.JPG,1
100490.JPG,1
100491.JPG,1
100492.JPG,1
100493.JPG,1
100494.JPG,1
100495.JPG,1
100496.JPG,1
100497.JPG,1
100498.JPG,1
100499.JPG,1
100500.JPG,1
100501.JPG,1
100502.JPG,1
100503.JPG,1
100504.JPG,1
100505.JPG,1
100506.JPG,1
100507.JPG,1
100508.JPG,1
100509.JPG,1
100510.JPG,1
100511.JPG,1
100512.JPG,1
100513.JPG,1
100514.JPG,1
100515.JPG,1
100516.JPG,1
100517.JPG,1
100518.JPG,1
100519.JPG,1
100520.JPG,1
100521.JPG,1
100522.JPG,1
100523.JPG,1
100524.JPG,1
100525.JPG,1
100526.JPG,1
100527.JPG,1
100528.JPG,1
100529.JPG,1
100530.JPG,1
100531.JPG,1
100532.JPG,1
100533.JPG,1
100534.JPG,1
100535.JPG,1
100536.JPG,1
100537.JPG,1
100538.JPG,1
100539.JPG,1
100540.JPG,1
100541.JPG,1
100542.JPG,1
100543.JPG,1
100544.JPG,1
100545.JPG,1
100546.JPG,1
100547.JPG,1
100548.JPG,1
100549.JPG,1
100550.JPG,1
100551.JPG,1
100552.JPG,1
100553.JPG,1
100554.JPG,1
100555.JPG,1
100556.JPG,1
100557.JPG,1
100558.JPG,1
100559.JPG,1
100560.JPG,1
100561.JPG,1
100562.JPG,1
100563.JPG,1
100564.JPG,1
100565.JPG,1
100566.JPG,1
100567.JPG,1
100568.JPG,1
100569.JPG,1
100570.JPG,1
100571.JPG,1
100572.JPG,1
100573.JPG,1
100574.JPG,1
100575.JPG,1
100576.JPG,1
100577.JPG,1
100578.JPG,1
100579.JPG,1
100580.JPG,1
100581.JPG,1
100582.JPG,1
100583.JPG,1
100584.JPG,1
100585.JPG,1
100586.JPG,1
100587.JPG,1
100588.JPG,1
100589.JPG,1
100590.JPG,1
100591.JPG,1
100592.JPG,1
100593.JPG,1
100594.JPG,1
100595.JPG,1
100596.JPG,1
100597.JPG,1
100598.JPG,1
100599.JPG,1
100600.JPG,1
100601.JPG,1
100602.JPG,1
100603.JPG,1
100604.JPG,1
100605.JPG,1
100606.JPG,1
100607.JPG,1
100608.JPG,1
100609.JPG,1
100610.JPG,1
100611.JPG,1
100612.JPG,1
100613.JPG,1
100614.JPG,1
100615.JPG,1
100616.JPG,1
100617.JPG,1
100618.JPG,1
100619.JPG,1
100620.JPG,1
100621.JPG,1
100622.JPG,1
100623.JPG,1
100624.JPG,1
100625.JPG,1
100626.JPG,1
100627.JPG,1
100628.JPG,1
100629.JPG,1
100630.JPG,1
100631.JPG,1
100632.JPG,1
100633.JPG,1
100634.JPG,1
100635.JPG,1
100636.JPG,1
100637.JPG,1
100638.JPG,1
100639.JPG,1
100640.JPG,1
100641.JPG,1
100642.JPG,1
100643.JPG,1
100644.JPG,1
100645.JPG,1
100646.JPG,1
100647.JPG,1
100648.JPG,1
100649.JPG,1
100650.JPG,1
100651.JPG,1
100652.JPG,1
100653.JPG,1
100654.JPG,1
100655.JPG,1
100656.JPG,1
100657.JPG,1
100658.JPG,1
100659.JPG,1
100660.JPG,1
100661.JPG,1
100662.JPG,1
100663.JPG,1
100664.JPG,1
100665.JPG,1
100666.JPG,1
100667.JPG,1
100668.JPG,1
100669.JPG,1
100670.JPG,1
100671.JPG,1
100672.JPG,1
100673.JPG,1
100674.JPG,1
100675.JPG,1
100676.JPG,1
100677.JPG,1
100678.JPG,1
100679.JPG,1
100680.JPG,1
100681.JPG,1
100682.JPG,1
100683.JPG,1
100684.JPG,1
100685.JPG,1
100686.JPG,1
100687.JPG,1
100688.JPG,1
100689.JPG,1
100690.JPG,1
100691.JPG,1
100692.JPG,1
100693.JPG,1
100694.JPG,1
100695.JPG,1
100696.JPG,1
100697.JPG,1
100698.JPG,1
100699.JPG,1
100700.JPG,1
100701.JPG,1
100702.JPG,1
100703.JPG,1
100704.JPG,1
100705.JPG,1
100706.JPG,1
100707.JPG,1
100708.JPG,1
100709.JPG,1
100710.JPG,1
100711.JPG,1
100712.JPG,1
100713.JPG,1
100714.JPG,1
100715.JPG,1
100716.JPG,1
100717.JPG,1
100718.JPG,1
100719.JPG,1
100720.JPG,1
100721.JPG,1
100722.JPG,1
100723.JPG,1
100724.JPG,1
100725.JPG,1
100726.JPG,1
100727.JPG,1
100728.JPG,1
100729.JPG,1
100730.JPG,1
100731.JPG,1
100732.JPG,1
100733.JPG,1
100734.JPG,1
100735.JPG,1
100736.JPG,1
100737.JPG,1
100738.JPG,1
100739.JPG,1
100740.JPG,1
100741.JPG,1
100742.JPG,1
100743.JPG,1
100744.JPG,1
100745.JPG,1
100746.JPG,1
100747.JPG,1
100748.JPG,1
100749.JPG,1
100750.JPG,1
100751.JPG,1
100752.JPG,1
100753.JPG,1
100754.JPG,1
100755.JPG,1
100756.JPG,1
100757.JPG,1
100758.JPG,1
100759.JPG,1
100760.JPG,1
100761.JPG,1
100762.JPG,1
100763.JPG,1
100764.JPG,1
100765.JPG,1
100766.JPG,1
100767.JPG,1
100768.JPG,1
100769.JPG,1
100770.JPG,1
100771.JPG,1
100772.JPG,1
100773.JPG,1
100774.JPG,1
100775.JPG,1
100776.JPG,1
100777.JPG,1
100778.JPG,1
100779.JPG,1
100780.JPG,1
100781.JPG,1
100782.JPG,1
100783.JPG,1
100784.JPG,1
100785.JPG,1
100786.JPG,1
100787.JPG,1
100788.JPG,1
100789.JPG,1
100790.JPG,1
100791.JPG,1
100792.JPG,1
100793.JPG,1
100794.JPG,1
100795.JPG,1
100796.JPG,1
100797.JPG,1
100798.JPG,1
100799.JPG,1
100800.JPG,1
100801.JPG,1
100802.JPG,1
100803.JPG,1
100804.JPG,1
100805.JPG,1
100806.JPG,1
100807.JPG,1
100808.JPG,1
100809.JPG,1
100810.JPG,1
100811.JPG,1
100812.JPG,1
100813.JPG,1
100814.JPG,1
100815.JPG,1
100816.JPG,1
100817.JPG,1
100818.JPG,1
100819.JPG,1
100820.JPG,1
100821.JPG,1
100822.JPG,1
100823.JPG,1
100824.JPG,1
100825.JPG,1
100826.JPG,1
100827.JPG,1
100828.JPG,1
100829.JPG,1
100830.JPG,1
100831.JPG,1
100832.JPG,1
100833.JPG,1
100834.JPG,1
100835.JPG,1
100836.JPG,1
100837.JPG,1
100838.JPG,1
100839.JPG,1
100840.JPG,1
100841.JPG,1
100842.JPG,1
100843.JPG,1
100844.JPG,1
100845.JPG,1
100846.JPG,1
100847.JPG,1
100848.JPG,1
100849.JPG,1
100850.JPG,1
100851.JPG,1
100852.JPG,1
100853.JPG,1
100854.JPG,1
100855.JPG,1
100856.JPG,1
100857.JPG,1
100858.JPG,1
100859.JPG,1
100860.JPG,1
100861.JPG,1
100862.JPG,1
100863.JPG,1
100864.JPG,1
100865.JPG,1
100866.JPG,1
100867.JPG,1
100868.JPG,1
100869.JPG,1
100870.JPG,1
100871.JPG,1
100872.JPG,1
100873.JPG,1
100874.JPG,1
100875.JPG,1
100876.JPG,1
100877.JPG,1
100878.JPG,1
100879.JPG,1
100880.JPG,1
100881.JPG,1
100882.JPG,1
100883.JPG,1
100884.JPG,1
100885.JPG,1
100886.JPG,1
100887.JPG,1
100888.JPG,1
100889.JPG,1
100890.JPG,1
100891.JPG,1
100892.JPG,1
100893.JPG,1
100894.JPG,1
100895.JPG,1
100896.JPG,1
100897.JPG,1
100898.JPG,1
100899.JPG,1
100900.JPG,1
100901.JPG,1
100902.JPG,1
100903.JPG,1
100904.JPG,1
100905.JPG,1
100906.JPG,1
100907.JPG,1
100908.JPG,1
100909.JPG,1
100910.JPG,1
100911.JPG,1
100912.JPG,1
100913.JPG,1
100914.JPG,1
100915.JPG,1
100916.JPG,1
100917.JPG,1
100918.JPG,1
100919.JPG,1
100920.JPG,1
100921.JPG,1
100922.JPG,1
100923.JPG,1
100924.JPG,1
100925.JPG,1
100926.JPG,1
100927.JPG,1
100928.JPG,1
100929.JPG,1
100930.JPG,1
100931.JPG,1
100932.JPG,1
100933.JPG,1
100934.JPG,1
100935.JPG,1
100936.JPG,1
100937.JPG,1
100938.JPG,1
100939.JPG,1
100940.JPG,1
100941.JPG,1
100942.JPG,1
100943.JPG,1
100944.JPG,1
100945.JPG,1
100946.JPG,1
100947.JPG,1
100948.JPG,1
100949.JPG,1
100950.JPG,1
100951.JPG,1
100952.JPG,1
100953.JPG,1
100954.JPG,1
100955.JPG,1
100956.JPG,1
100957.JPG,1
100958.JPG,1
100959.JPG,1
100960.JPG,1
100961.JPG,1
100962.JPG,1
100963.JPG,1
100964.JPG,1
100965.JPG,1
100966.JPG,1
100967.JPG,1
100968.JPG,1
100969.JPG,1
100970.JPG,1
100971.JPG,1
100972.JPG,1
100973.JPG,1
100974.JPG,1
100975.JPG,1
100976.JPG,1
100977.JPG,1
100978.JPG,1
100979.JPG,1
100980.JPG,1
100981.JPG,1
100982.JPG,1
100983.JPG,1
100984.JPG,1
100985.JPG,1
100986.JPG,1
100987.JPG,1
100988.JPG,1
100989.JPG,1
100990.JPG,1
100991.JPG,1
100992.JPG,1
100993.JPG,1
100994.JPG,1
100995.JPG,1
100996.JPG,1
100997.JPG,1
100998.JPG,1
100999.JPG,1
101000.JPG,1
101001.JPG,1
101002.JPG,1
101003.JPG,1
101004.JPG,1
101005.JPG,1
101006.JPG,1
101007.JPG,1
101008.JPG,1
101009.JPG,1
101010.JPG,1
101011.JPG,1
101012.JPG,1
101013.JPG,1
101014.JPG,1
101015.JPG,1
101016.JPG,1
101017.JPG,1
101018.JPG,1
101019.JPG,1
101020.JPG,1
101021.JPG,1
101022.JPG,1
101023.JPG,1
101024.JPG,1
101025.JPG,1
101026.JPG,1
101027.JPG,1
101028.JPG,1
101029.JPG,1
101030.JPG,1
101031.JPG,1
101032.JPG,1
101033.JPG,1
101034.JPG,1
101035.JPG,1
101036.JPG,1
101037.JPG,1
101038.JPG,1
101039.JPG,1
101040.JPG,1
101041.JPG,1
101042.JPG,1
101043.JPG,1
101044.JPG,1
101045.JPG,1
101046.JPG,1
101047.JPG,1
101048.JPG,1
101049.JPG,1
101050.JPG,1
101051.JPG,1
101052.JPG,1
101053.JPG,1
101054.JPG,1
101055.JPG,1
101056.JPG,1
101057.JPG,1
101058.JPG,1
101059.JPG,1
101060.JPG,1
101061.JPG,1
101062.JPG,1
101063.JPG,1
101064.JPG,1
101065.JPG,1
101066.JPG,1
101067.JPG,1
101068.JPG,1
101069.JPG,1
101070.JPG,1
101071.JPG,1
101072.JPG,1
101073.JPG,1
101074.JPG,1
101075.JPG,1
101076.JPG,1
101077.JPG,1
101078.JPG,1
101079.JPG,1
101080.JPG,1
101081.JPG,1
101082.JPG,1
101083.JPG,1
101084.JPG,1
101085.JPG,1
101086.JPG,1
101087.JPG,1
101088.JPG,1
101089.JPG,1
101090.JPG,1
101091.JPG,1
101092.JPG,1
101093.JPG,1
101094.JPG,1
101095.JPG,1
101096.JPG,1
101097.JPG,1
101098.JPG,1
101099.JPG,1
101100.JPG,1
101101.JPG,1
101102.JPG,1
101103.JPG,1
101104.JPG,1
101105.JPG,1
101106.JPG,1
101107.JPG,1
101108.JPG,1
101109.JPG,1
101110.JPG,1
101111.JPG,1
101112.JPG,1
101113.JPG,1
101114.JPG,1
101115.JPG,1
101116.JPG,1
101117.JPG,1
101118.JPG,1
101119.JPG,1
101120.JPG,1
101121.JPG,1
101122.JPG,1
101123.JPG,1
101124.JPG,1
101125.JPG,1
101126.JPG,1
101127.JPG,1
101128.JPG,1
101129.JPG,1
101130.JPG,1
101131.JPG,1
101132.JPG,1
101133.JPG,1
101134.JPG,1
101135.JPG,1
101136.JPG,1
101137.JPG,1
101138.JPG,1
101139.JPG,1
101140.JPG,1
101141.JPG,1
101142.JPG,1
101143.JPG,1
101144.JPG,1
101145.JPG,1
101146.JPG,1
101147.JPG,1
101148.JPG,1
101149.JPG,1
101150.JPG,1
101151.JPG,1
101152.JPG,1
101153.JPG,1
101154.JPG,1
101155.JPG,1
101156.JPG,1
101157.JPG,1
101158.JPG,1
101159.JPG,1
101160.JPG,1
101161.JPG,1
101162.JPG,1
101163.JPG,1
101164.JPG,1
101165.JPG,1
101166.JPG,1
101167.JPG,1
101168.JPG,1
101169.JPG,1
101170.JPG,1
101171.JPG,1
101172.JPG,1
101173.JPG,1
101174.JPG,1
101175.JPG,1
101176.JPG,1
101177.JPG,1
101178.JPG,1
101179.JPG,1
101180.JPG,1
101181.JPG,1
101182.JPG,1
101183.JPG,1
101184.JPG,1
101185.JPG,1
101186.JPG,1
101187.JPG,1
101188.JPG,1
101189.JPG,1
101190.JPG,1
101191.JPG,1
101192.JPG,1
101193.JPG,1
101194.JPG,1
101195.JPG,1
101196.JPG,1
101197.JPG,1
101198.JPG,1
101199.JPG,1
101200.JPG,1
101201.JPG,1
101202.JPG,1
101203.JPG,1
101204.JPG,1
101205.JPG,1
101206.JPG,1
101207.JPG,1
101208.JPG,1
101209.JPG,1
101210.JPG,1
101211.JPG,1
101212.JPG,1
101213.JPG,1
101214.JPG,1
101215.JPG,1
101216.JPG,1
101217.JPG,1
101218.JPG,1
101219.JPG,1
101220.JPG,1
101221.JPG,1
101222.JPG,1
101223.JPG,1
101224.JPG,1
101225.JPG,1
101226.JPG,1
101227.JPG,1
101228.JPG,1
101229.JPG,1
101230.JPG,1
101231.JPG,1
101232.JPG,1
101233.JPG,1
101234.JPG,1
101235.JPG,1
101236.JPG,1
101237.JPG,1
101238.JPG,1
101239.JPG,1
101240.JPG,1
101241.JPG,1
101242.JPG,1
101243.JPG,1
101244.JPG,1
101245.JPG,1
101246.JPG,1
101247.JPG,1
101248.JPG,1
101249.JPG,1
101250.JPG,1
101251.JPG,1
101252.JPG,1
101253.JPG,1
101254.JPG,1
101255.JPG,1
101256.JPG,1
101257.JPG,1
101258.JPG,1
101259.JPG,1
101260.JPG,1
101261.JPG,1
101262.JPG,1
101263.JPG,1
101264.JPG,1
101265.JPG,1
101266.JPG,1
101267.JPG,1
101268.JPG,1
101269.JPG,1
101270.JPG,1
101271.JPG,1
101272.JPG,1
101273.JPG,1
101274.JPG,1
101275.JPG,1
101276.JPG,1
101277.JPG,1
101278.JPG,1
101279.JPG,1
101280.JPG,1
101281.JPG,1
101282.JPG,1
101283.JPG,1
101284.JPG,1
101285.JPG,1
101286.JPG,1
101287.JPG,1
101288.JPG,1
101289.JPG,1
101290.JPG,1
101291.JPG,1
101292.JPG,1
101293.JPG,1
101294.JPG,1
101295.JPG,1
101296.JPG,1
101297.JPG,1
101298.JPG,1
101299.JPG,1
101300.JPG,1
101301.JPG,1
101302.JPG,1
101303.JPG,1
101304.JPG,1
101305.JPG,1
101306.JPG,1
101307.JPG,1
101308.JPG,1
101309.JPG,1
101310.JPG,1
101311.JPG,1
101312.JPG,1
101313.JPG,1
101314.JPG,1
101315.JPG,1
101316.JPG,1
101317.JPG,1
101318.JPG,1
101319.JPG,1
101320.JPG,1
101321.JPG,1
101322.JPG,1
101323.JPG,1
101324.JPG,1
101325.JPG,1
101326.JPG,1
101327.JPG,1
101328.JPG,1
101329.JPG,1
101330.JPG,1
101331.JPG,1
101332.JPG,1
101333.JPG,1
101334.JPG,1
101335.JPG,1
101336.JPG,1
101337.JPG,1
101338.JPG,1
101339.JPG,1
101340.JPG,1
101341.JPG,1
101342.JPG,1
101343.JPG,1
101344.JPG,1
101345.JPG,1
101346.JPG,1
101347.JPG,1
101348.JPG,1
101349.JPG,1
101350.JPG,1
101351.JPG,1
101352.JPG,1
101353.JPG,1
101354.JPG,1
101355.JPG,1
101356.JPG,1
101357.JPG,1
101358.JPG,1
101359.JPG,1
101360.JPG,1
101361.JPG,1
101362.JPG,1
101363.JPG,1
101364.JPG,1
101365.JPG,1
101366.JPG,1
101367.JPG,1
101368.JPG,1
101369.JPG,1
101370.JPG,1
101371.JPG,1
101372.JPG,1
101373.JPG,1
101374.JPG,1
101375.JPG,1
101376.JPG,1
101377.JPG,1
101378.JPG,1
101379.JPG,1
101380.JPG,1
101381.JPG,1
101382.JPG,1
101383.JPG,1
101384.JPG,1
101385.JPG,1
101386.JPG,1
101387.JPG,1
101388.JPG,1
101389.JPG,1
101390.JPG,1
101391.JPG,1
101392.JPG,1
101393.JPG,1
101394.JPG,1
101395.JPG,1
101396.JPG,1
101397.JPG,1
101398.JPG,1
101399.JPG,1
101400.JPG,1
101401.JPG,1
101402.JPG,1
101403.JPG,1
101404.JPG,1
101405.JPG,1
101406.JPG,1
101407.JPG,1
101408.JPG,1
101409.JPG,1
101410.JPG,1
101411.JPG,1
101412.JPG,1
101413.JPG,1
101414.JPG,1
101415.JPG,1
101416.JPG,1
101417.JPG,1
101418.JPG,1
101419.JPG,1
101420.JPG,1
101421.JPG,1
101422.JPG,1
101423.JPG,1
101424.JPG,1
101425.JPG,1
101426.JPG,1
101427.JPG,1
101428.JPG,1
101429.JPG,1
101430.JPG,1
101431.JPG,1
101432.JPG,1
101433.JPG,1
101434.JPG,1
101435.JPG,1
101436.JPG,1
101437.JPG,1
101438.JPG,1
101439.JPG,1
101440.JPG,1
101441.JPG,1
101442.JPG,1
101443.JPG,1
101444.JPG,1
101445.JPG,1
101446.JPG,1
101447.JPG,1
101448.JPG,1
101449.JPG,1
101450.JPG,1
101451.JPG,1
101452.JPG,1
101453.JPG,1
101454.JPG,1
101455.JPG,1
101456.JPG,1
101457.JPG,1
101458.JPG,1
101459.JPG,1
101460.JPG,1
101461.JPG,1
101462.JPG,1
101463.JPG,1
101464.JPG,1
101465.JPG,1
101466.JPG,1
101467.JPG,1
101468.JPG,1
101469.JPG,1
101470.JPG,1
101471.JPG,1
101472.JPG,1
101473.JPG,1
101474.JPG,1
101475.JPG,1
101476.JPG,1
101477.JPG,1
101478.JPG,1
101479.JPG,1
101480.JPG,1
101481.JPG,1
101482.JPG,1
101483.JPG,1
101484.JPG,1
101485.JPG,1
101486.JPG,1
101487.JPG,1
101488.JPG,1
101489.JPG,1
101490.JPG,1
101491.JPG,1
101492.JPG,1
101493.JPG,1
101494.JPG,1
101495.JPG,1
101496.JPG,1
101497.JPG,1
101498.JPG,1
101499.JPG,1
101500.JPG,1
101501.JPG,1
101502.JPG,1
101503.JPG,1
101504.JPG,1
101505.JPG,1
101506.JPG,1
101507.JPG,1
101508.JPG,1
101509.JPG,1
101510.JPG,1
101511.JPG,1
101512.JPG,1
101513.JPG,1
101514.JPG,1
101515.JPG,1
101516.JPG,1
101517.JPG,1
101518.JPG,1
101519.JPG,1
101520.JPG,1
101521.JPG,1
101522.JPG,1
101523.JPG,1
101524.JPG,1
101525.JPG,1
101526.JPG,1
101527.JPG,1
101528.JPG,1
101529.JPG,1
101530.JPG,1
101531.JPG,1
101532.JPG,1
101533.JPG,1
101534.JPG,1
101535.JPG,1
101536.JPG,1
101537.JPG,1
101538.JPG,1
101539.JPG,1
101540.JPG,1
101541.JPG,1
101542.JPG,1
101543.JPG,1
101544.JPG,1
101545.JPG,1
101546.JPG,1
101547.JPG,1
101548.JPG,1
101549.JPG,1
101550.JPG,1
101551.JPG,1
101552.JPG,1
101553.JPG,1
101554.JPG,1
101555.JPG,1
101556.JPG,1
101557.JPG,1
101558.JPG,1
101559.JPG,1
101560.JPG,1
101561.JPG,1
101562.JPG,1
101563.JPG,1
101564.JPG,1
101565.JPG,1
101566.JPG,1
101567.JPG,1
101568.JPG,1
101569.JPG,1
101570.JPG,1
101571.JPG,1
101572.JPG,1
101573.JPG,1
101574.JPG,1
101575.JPG,1
101576.JPG,1
101577.JPG,1
101578.JPG,1
101579.JPG,1
101580.JPG,1
101581.JPG,1
101582.JPG,1
101583.JPG,1
101584.JPG,1
101585.JPG,1
101586.JPG,1
101587.JPG,1
101588.JPG,1
101589.JPG,1
101590.JPG,1
101591.JPG,1
101592.JPG,1
101593.JPG,1
101594.JPG,1
101595.JPG,1
101596.JPG,1
101597.JPG,1
101598.JPG,1
101599.JPG,1
101600.JPG,1
101601.JPG,1
101602.JPG,1
101603.JPG,1
101604.JPG,1
101605.JPG,1
101606.JPG,1
101607.JPG,1
101608.JPG,1
101609.JPG,1
101610.JPG,1
101611.JPG,1
101612.JPG,1
101613.JPG,1
101614.JPG,1
101615.JPG,1
101616.JPG,1
101617.JPG,1
101618.JPG,1
101619.JPG,1
101620.JPG,1
101621.JPG,1
101622.JPG,1
101623.JPG,1
101624.JPG,1
101625.JPG,1
101626.JPG,1
101627.JPG,1
101628.JPG,1
101629.JPG,1
101630.JPG,1
101631.JPG,1
101632.JPG,1
101633.JPG,1
101634.JPG,1
101635.JPG,1
101636.JPG,1
101637.JPG,1
101638.JPG,1
101639.JPG,1
101640.JPG,1
101641.JPG,1
101642.JPG,1
101643.JPG,1
101644.JPG,1
101645.JPG,1
101646.JPG,1
101647.JPG,1
101648.JPG,1
101649.JPG,1
101650.JPG,1
101651.JPG,1
101652.JPG,1
101653.JPG,1
101654.JPG,1
101655.JPG,1
101656.JPG,1
101657.JPG,1
101658.JPG,1
101659.JPG,1
101660.JPG,1
101661.JPG,1
101662.JPG,1
101663.JPG,1
101664.JPG,1
101665.JPG,1
101666.JPG,1
101667.JPG,1
101668.JPG,1
101669.JPG,1
101670.JPG,1
101671.JPG,1
101672.JPG,1
101673.JPG,1
101674.JPG,1
101675.JPG,1
101676.JPG,1
101677.JPG,1
101678.JPG,1
101679.JPG,1
101680.JPG,1
101681.JPG,1
101682.JPG,1
101683.JPG,1
101684.JPG,1
101685.JPG,1
101686.JPG,1
101687.JPG,1
101688.JPG,1
101689.JPG,1
101690.JPG,1
101691.JPG,1
101692.JPG,1
101693.JPG,1
101694.JPG,1
101695.JPG,1
101696.JPG,1
101697.JPG,1
101698.JPG,1
101699.JPG,1
101700.JPG,1
101701.JPG,1
101702.JPG,1
101703.JPG,1
101704.JPG,1
101705.JPG,1
101706.JPG,1
101707.JPG,1
101708.JPG,1
101709.JPG,1
101710.JPG,1
101711.JPG,1
101712.JPG,1
101713.JPG,1
101714.JPG,1
101715.JPG,1
101716.JPG,1
101717.JPG,1
101718.JPG,1
101719.JPG,1
101720.JPG,1
101721.JPG,1
101722.JPG,1
101723.JPG,1
101724.JPG,1
101725.JPG,1
101726.JPG,1
101727.JPG,1
101728.JPG,1
101729.JPG,1
101730.JPG,1
101731.JPG,1
101732.JPG,1
101733.JPG,1
101734.JPG,1
101735.JPG,1
101736.JPG,1
101737.JPG,1
101738.JPG,1
101739.JPG,1
101740.JPG,1
101741.JPG,1
101742.JPG,1
101743.JPG,1
101744.JPG,1
101745.JPG,1
101746.JPG,1
101747.JPG,1
101748.JPG,1
101749.JPG,1
101750.JPG,1
101751.JPG,1
101752.JPG,1
101753.JPG,1
101754.JPG,1
101755.JPG,1
101756.JPG,1
101757.JPG,1
101758.JPG,1
101759.JPG,1
101760.JPG,1
101761.JPG,1
101762.JPG,1
101763.JPG,1
101764.JPG,1
101765.JPG,1
101766.JPG,1
101767.JPG,1
101768.JPG,1
101769.JPG,1
101770.JPG,1
101771.JPG,1
101772.JPG,1
101773.JPG,1
101774.JPG,1
101775.JPG,1
101776.JPG,1
101777.JPG,1
101778.JPG,1
101779.JPG,1
101780.JPG,1
101781.JPG,1
101782.JPG,1
101783.JPG,1
101784.JPG,1
101785.JPG,1
101786.JPG,1
101787.JPG,1
101788.JPG,1
101789.JPG,1
101790.JPG,1
101791.JPG,1
101792.JPG,1
101793.JPG,1
101794.JPG,1
101795.JPG,1
101796.JPG,1
101797.JPG,1
101798.JPG,1
101799.JPG,1
101800.JPG,1
101801.JPG,1
101802.JPG,1
101803.JPG,1
101804.JPG,1
101805.JPG,1
101806.JPG,1
101807.JPG,1
101808.JPG,1
101809.JPG,1
101810.JPG,1
101811.JPG,1
101812.JPG,1
101813.JPG,1
101814.JPG,1
101815.JPG,1
101816.JPG,1
101817.JPG,1
101818.JPG,1
101819.JPG,1
101820.JPG,1
101821.JPG,1
101822.JPG,1
101823.JPG,1
101824.JPG,1
101825.JPG,1
101826.JPG,1
101827.JPG,1
101828.JPG,1
101829.JPG,1
101830.JPG,1
101831.JPG,1
101832.JPG,1
101833.JPG,1
101834.JPG,1
101835.JPG,1
101836.JPG,1
101837.JPG,1
101838.JPG,1
101839.JPG,1
101840.JPG,1
101841.JPG,1
101842.JPG,1
101843.JPG,1
101844.JPG,1
101845.JPG,1
101846.JPG,1
101847.JPG,1
101848.JPG,1
101849.JPG,1
101850.JPG,1
101851.JPG,1
101852.JPG,1
101853.JPG,1
101854.JPG,1
101855.JPG,1
101856.JPG,1
101857.JPG,1
101858.JPG,1
101859.JPG,1
101860.JPG,1
101861.JPG,1
101862.JPG,1
101863.JPG,1
101864.JPG,1
101865.JPG,1
101866.JPG,1
101867.JPG,1
101868.JPG,1
101869.JPG,1
101870.JPG,1
101871.JPG,1
101872.JPG,1
101873.JPG,1
101874.JPG,1
101875.JPG,1
101876.JPG,1
101877.JPG,1
101878.JPG,1
101879.JPG,1
101880.JPG,1
101881.JPG,1
101882.JPG,1
101883.JPG,1
101884.JPG,1
101885.JPG,1
101886.JPG,1
101887.JPG,1
101888.JPG,1
101889.JPG,1
101890.JPG,1
101891.JPG,1
101892.JPG,1
101893.JPG,1
101894.JPG,1
101895.JPG,1
101896.JPG,1
101897.JPG,1
101898.JPG,1
101899.JPG,1
101900.JPG,1
101901.JPG,1
101902.JPG,1
101903.JPG,1
101904.JPG,1
101905.JPG,1
101906.JPG,1
101907.JPG,1
101908.JPG,1
101909.JPG,1
101910.JPG,1
101911.JPG,1
101912.JPG,1
101913.JPG,1
101914.JPG,1
101915.JPG,1
101916.JPG,1
101917.JPG,1
101918.JPG,1
101919.JPG,1
101920.JPG,1
101921.JPG,1
101922.JPG,1
101923.JPG,1
101924.JPG,1
101925.JPG,1
101926.JPG,1
101927.JPG,1
101928.JPG,1
101929.JPG,1
101930.JPG,1
101931.JPG,1
101932.JPG,1
101933.JPG,1
101934.JPG,1
101935.JPG,1
101936.JPG,1
101937.JPG,1
101938.JPG,1
101939.JPG,1
101940.JPG,1
101941.JPG,1
101942.JPG,1
101943.JPG,1
101944.JPG,1
101945.JPG,1
101946.JPG,1
101947.JPG,1
101948.JPG,1
101949.JPG,1
101950.JPG,1
101951.JPG,1
101952.JPG,1
101953.JPG,1
101954.JPG,1
101955.JPG,1
101956.JPG,1
101957.JPG,1
101958.JPG,1
101959.JPG,1
101960.JPG,1
101961.JPG,1
101962.JPG,1
101963.JPG,1
101964.JPG,1
101965.JPG,1
101966.JPG,1
101967.JPG,1
101968.JPG,1
101969.JPG,1
101970.JPG,1
101971.JPG,1
101972.JPG,1
101973.JPG,1
101974.JPG,1
101975.JPG,1
101976.JPG,1
101977.JPG,1
101978.JPG,1
101979.JPG,1
101980.JPG,1
101981.JPG,1
101982.JPG,1
101983.JPG,1
101984.JPG,1
101985.JPG,1
101986.JPG,1
101987.JPG,1
101988.JPG,1
101989.JPG,1
101990.JPG,1
101991.JPG,1
101992.JPG,1
101993.JPG,1
101994.JPG,1
101995.JPG,1
101996.JPG,1
101997.JPG,1
101998.JPG,1
101999.JPG,1
102000.JPG,1
102001.JPG,1
102002.JPG,1
102003.JPG,1
102004.JPG,1
102005.JPG,1
102006.JPG,1
102007.JPG,1
102008.JPG,1
102009.JPG,1
102010.JPG,1
102011.JPG,1
102012.JPG,1
102013.JPG,1
102014.JPG,1
102015.JPG,1
102016.JPG,1
102017.JPG,1
102018.JPG,1
102019.JPG,1
102020.JPG,1
102021.JPG,1
102022.JPG,1
102023.JPG,1
102024.JPG,1
102025.JPG,1
102026.JPG,1
102027.JPG,1
102028.JPG,1
102029.JPG,1
102030.JPG,1
102031.JPG,1
102032.JPG,1
102033.JPG,1
102034.JPG,1
102035.JPG,1
102036.JPG,1
102037.JPG,1
102038.JPG,1
102039.JPG,1
102040.JPG,1
102041.JPG,1
102042.JPG,1
102043.JPG,1
102044.JPG,1
102045.JPG,1
102046.JPG,1
102047.JPG,1
102048.JPG,1
102049.JPG,1
102050.JPG,1
102051.JPG,1
102052.JPG,1
102053.JPG,1
102054.JPG,1
102055.JPG,1
102056.JPG,1
102057.JPG,1
102058.JPG,1
102059.JPG,1
102060.JPG,1
102061.JPG,1
102062.JPG,1
102063.JPG,1
102064.JPG,1
102065.JPG,1
102066.JPG,1
102067.JPG,1
102068.JPG,1
102069.JPG,1
102070.JPG,1
102071.JPG,1
102072.JPG,1
102073.JPG,1
102074.JPG,1
102075.JPG,1
102076.JPG,1
102077.JPG,1
102078.JPG,1
102079.JPG,1
102080.JPG,1
102081.JPG,1
102082.JPG,1
102083.JPG,1
102084.JPG,1
102085.JPG,1
102086.JPG,1
102087.JPG,1
102088.JPG,1
102089.JPG,1
102090.JPG,1
102091.JPG,1
102092.JPG,1
102093.JPG,1
102094.JPG,1
102095.JPG,1
102096.JPG,1
102097.JPG,1
102098.JPG,1
102099.JPG,1
102100.JPG,1
102101.JPG,1
102102.JPG,1
102103.JPG,1
102104.JPG,1
102105.JPG,1
102106.JPG,1
102107.JPG,1
102108.JPG,1
102109.JPG,1
102110.JPG,1
102111.JPG,1
102112.JPG,1
102113.JPG,1
102114.JPG,1
102115.JPG,1
102116.JPG,1
102117.JPG,1
102118.JPG,1
102119.JPG,1
102120.JPG,1
102121.JPG,1
102122.JPG,1
102123.JPG,1
102124.JPG,1
102125.JPG,1
102126.JPG,1
102127.JPG,1
102128.JPG,1
102129.JPG,1
102130.JPG,1
102131.JPG,1
102132.JPG,1
102133.JPG,1
102134.JPG,1
102135.JPG,1
102136.JPG,1
102137.JPG,1
102138.JPG,1
102139.JPG,1
102140.JPG,1
102141.JPG,1
102142.JPG,1
102143.JPG,1
102144.JPG,1
102145.JPG,1
102146.JPG,1
102147.JPG,1
102148.JPG,1
102149.JPG,1
102150.JPG,1
102151.JPG,1
102152.JPG,1
102153.JPG,1
102154.JPG,1
102155.JPG,1
102156.JPG,1
102157.JPG,1
102158.JPG,1
102159.JPG,1
102160.JPG,1
102161.JPG,1
102162.JPG,1
102163.JPG,1
102164.JPG,1
102165.JPG,1
102166.JPG,1
102167.JPG,1
102168.JPG,1
102169.JPG,1
102170.JPG,1
102171.JPG,1
102172.JPG,1
102173.JPG,1
102174.JPG,1
102175.JPG,1
102176.JPG,1
102177.JPG,1
102178.JPG,1
102179.JPG,1
102180.JPG,1
102181.JPG,1
102182.JPG,1
102183.JPG,1
102184.JPG,1
102185.JPG,1
102186.JPG,1
102187.JPG,1
102188.JPG,1
102189.JPG,1
102190.JPG,1
102191.JPG,1
102192.JPG,1
102193.JPG,1
102194.JPG,1
102195.JPG,1
102196.JPG,1
102197.JPG,1
102198.JPG,1
102199.JPG,1
102200.JPG,1
102201.JPG,1
102202.JPG,1
102203.JPG,1
102204.JPG,1
102205.JPG,1
102206.JPG,1
102207.JPG,1
102208.JPG,1
102209.JPG,1
102210.JPG,1
102211.JPG,1
102212.JPG,1
102213.JPG,1
102214.JPG,1
102215.JPG,1
102216.JPG,1
102217.JPG,1
102218.JPG,1
102219.JPG,1
102220.JPG,1
102221.JPG,1
102222.JPG,1
102223.JPG,1
102224.JPG,1
102225.JPG,1
102226.JPG,1
102227.JPG,1
102228.JPG,1
102229.JPG,1
102230.JPG,1
102231.JPG,1
102232.JPG,1
102233.JPG,1
102234.JPG,1
102235.JPG,1
102236.JPG,1
102237.JPG,1
102238.JPG,1
102239.JPG,1
102240.JPG,1
102241.JPG,1
102242.JPG,1
102243.JPG,1
102244.JPG,1
102245.JPG,1
102246.JPG,1
102247.JPG,1
102248.JPG,1
102249.JPG,1
102250.JPG,1
102251.JPG,1
102252.JPG,1
102253.JPG,1
102254.JPG,1
102255.jpg,1
102256.JPG,1
102257.JPG,1
102258.JPG,1
102259.JPG,1
102260.JPG,1
102261.JPG,1
102262.JPG,1
102263.JPG,1
102264.JPG,1
102265.JPG,1
102266.JPG,1
102267.JPG,1
102268.JPG,1
102269.JPG,1
102270.JPG,1
102271.JPG,1
102272.JPG,1
102273.JPG,1
102274.JPG,1
102275.JPG,1
102276.JPG,1
102277.JPG,1
102278.JPG,1
102279.JPG,1
102280.JPG,1
102281.JPG,1
102282.JPG,1
102283.JPG,1
102284.JPG,1
102285.JPG,1
102286.JPG,1
102287.JPG,1
102288.JPG,1
102289.JPG,1
102290.JPG,1
102291.JPG,1
102292.JPG,1
102293.JPG,1
102294.JPG,1
102295.JPG,1
102296.JPG,1
102297.JPG,1
102298.JPG,1
102299.JPG,1
102300.JPG,1
102301.JPG,1
102302.JPG,1
102303.JPG,1
102304.JPG,1
102305.JPG,1
102306.JPG,1
102307.JPG,1
102308.JPG,1
102309.JPG,1
102310.JPG,1
102311.JPG,1
102312.JPG,1
102313.JPG,1
102314.JPG,1
102315.JPG,1
102316.JPG,1
102317.JPG,1
102318.JPG,1
102319.JPG,1
102320.JPG,1
102321.JPG,1
102322.JPG,1
102323.JPG,1
102324.JPG,1
102325.JPG,1
102326.JPG,1
102327.JPG,1
102328.JPG,1
102329.JPG,1
102330.JPG,1
102331.JPG,1
102332.JPG,1
102333.JPG,1
102334.JPG,1
102335.JPG,1
102336.JPG,1
102337.JPG,1
102338.JPG,1
102339.JPG,1
102340.JPG,1
102341.JPG,1
102342.JPG,1
102343.JPG,1
102344.JPG,1
102345.JPG,1
102346.JPG,1
102347.JPG,1
102348.JPG,1
102349.JPG,1
102350.JPG,1
102351.JPG,1
102352.JPG,1
102353.JPG,1
102354.JPG,1
102355.JPG,1
102356.JPG,1
102357.JPG,1
102358.JPG,1
102359.JPG,1
102360.JPG,1
102361.JPG,1
102362.JPG,1
102363.JPG,1
102364.JPG,1
102365.JPG,1
102366.JPG,1
102367.JPG,1
102368.JPG,1
102369.JPG,1
102370.JPG,1
102371.JPG,1
102372.JPG,1
102373.JPG,1
102374.JPG,1
102375.JPG,1
102376.JPG,1
102377.JPG,1
102378.JPG,1
102379.JPG,1
102380.JPG,1
102381.JPG,1
102382.JPG,1
102383.JPG,1
102384.JPG,1
102385.JPG,1
102386.JPG,1
102387.JPG,1
102388.JPG,1
102389.JPG,1
102390.JPG,1
102391.JPG,1
102392.JPG,1
102393.JPG,1
102394.JPG,1
102395.JPG,1
102396.JPG,1
102397.JPG,1
102398.JPG,1
102399.JPG,1
102400.JPG,1
102401.JPG,1
102402.JPG,1
102403.JPG,1
102404.JPG,1
102405.JPG,1
102406.JPG,1
102407.JPG,1
102408.JPG,1
102409.JPG,1
102410.JPG,1
102411.JPG,1
102412.JPG,1
102413.JPG,1
102414.JPG,1
102415.JPG,1
102416.JPG,1
102417.JPG,1
102418.JPG,1
102419.JPG,1
102420.JPG,1
102421.JPG,1
102422.JPG,1
102423.JPG,1
102424.JPG,1
102425.JPG,1
102426.JPG,1
102427.JPG,1
102428.JPG,1
102429.JPG,1
102430.JPG,1
102431.JPG,1
102432.JPG,1
102433.JPG,1
102434.JPG,1
102435.JPG,1
102436.JPG,1
102437.JPG,1
102438.JPG,1
102439.JPG,1
102440.JPG,1
102441.JPG,1
102442.JPG,1
102443.JPG,1
102444.JPG,1
102445.JPG,1
102446.JPG,1
102447.JPG,1
102448.JPG,1
102449.JPG,1
102450.JPG,1
102451.JPG,1
102452.JPG,1
102453.JPG,1
102454.JPG,1
102455.JPG,1
102456.JPG,1
102457.JPG,1
102458.JPG,1
102459.JPG,1
102460.JPG,1
102461.JPG,1
102462.JPG,1
102463.JPG,1
102464.JPG,1
102465.JPG,1
102466.JPG,1
102467.JPG,1
102468.JPG,1
102469.JPG,1
102470.JPG,1
102471.JPG,1
102472.JPG,1
102473.JPG,1
102474.JPG,1
102475.JPG,1
102476.JPG,1
102477.JPG,1
102478.JPG,1
102479.JPG,1
102480.JPG,1
102481.JPG,1
102482.JPG,1
102483.JPG,1
102484.JPG,1
102485.JPG,1
102486.JPG,1
102487.JPG,1
102488.JPG,1
102489.JPG,1
102490.JPG,1
102491.JPG,1
102492.JPG,1
102493.JPG,1
102494.JPG,1
102495.JPG,1
102496.JPG,1
102497.JPG,1
102498.JPG,1
102499.JPG,1
102500.JPG,1
102501.JPG,1
102502.JPG,1
102503.JPG,1
102504.JPG,1
102505.JPG,1
102506.JPG,1
102507.JPG,1
102508.JPG,1
102509.JPG,1
102510.JPG,1
102511.JPG,1
102512.JPG,1
102513.JPG,1
102514.JPG,1
102515.JPG,1
102516.JPG,1
102517.JPG,1
102518.JPG,1
102519.JPG,1
102520.JPG,1
102521.JPG,1
102522.JPG,1
102523.JPG,1
102524.JPG,1
102525.JPG,1
102526.JPG,1
102527.JPG,1
102528.JPG,1
102529.JPG,1
102530.JPG,1
102531.JPG,1
102532.JPG,1
102533.JPG,1
102534.JPG,1
102535.JPG,1
102536.JPG,1
102537.JPG,1
102538.JPG,1
102539.JPG,1
102540.JPG,1
102541.JPG,1
102542.JPG,1
102543.JPG,1
102544.JPG,1
102545.JPG,1
102546.JPG,1
102547.JPG,1
102548.JPG,1
102549.JPG,1
102550.JPG,1
102551.JPG,1
102552.JPG,1
102553.JPG,1
102554.JPG,1
102555.JPG,1
102556.JPG,1
102557.JPG,1
102558.JPG,1
102559.JPG,1
102560.JPG,1
102561.JPG,1
102562.JPG,1
102563.JPG,1
102564.JPG,1
102565.JPG,1
102566.JPG,1
102567.JPG,1
102568.JPG,1
102569.JPG,1
102570.JPG,1
102571.JPG,1
102572.JPG,1
102573.JPG,1
102574.JPG,1
102575.JPG,1
102576.JPG,1
102577.JPG,1
102578.JPG,1
102579.JPG,1
102580.JPG,1
102581.JPG,1
102582.JPG,1
102583.JPG,1
102584.JPG,1
102585.JPG,1
102586.JPG,1
102587.JPG,1
102588.JPG,1
102589.JPG,1
102590.JPG,1
102591.JPG,1
102592.JPG,1
102593.JPG,1
102594.JPG,1
102595.JPG,1
102596.JPG,1
102597.JPG,1
102598.JPG,1
102599.JPG,1
102600.JPG,1
102601.JPG,1
102602.JPG,1
102603.JPG,1
102604.JPG,1
102605.JPG,1
102606.JPG,1
102607.JPG,1
102608.JPG,1
102609.JPG,1
102610.JPG,1
102611.JPG,1
102612.JPG,1
102613.JPG,1
102614.JPG,1
102615.JPG,1
102616.JPG,1
102617.JPG,1
102618.JPG,1
102619.JPG,1
102620.JPG,1
102621.JPG,1
102622.JPG,1
102623.JPG,1
102624.JPG,1
102625.JPG,1
102626.JPG,1
102627.JPG,1
102628.JPG,1
102629.JPG,1
102630.JPG,1
102631.JPG,1
102632.JPG,1
102633.JPG,1
102634.JPG,1
102635.JPG,1
102636.JPG,1
102637.JPG,1
102638.JPG,1
102639.JPG,1
102640.JPG,1
102641.JPG,1
102642.JPG,1
102643.JPG,1
102644.JPG,1
102645.JPG,1
102646.JPG,1
102647.JPG,1
102648.JPG,1
102649.JPG,1
102650.JPG,1
102651.JPG,1
102652.JPG,1
102653.JPG,1
102654.JPG,1
102655.JPG,1
102656.JPG,1
102657.JPG,1
102658.JPG,1
102659.JPG,1
102660.JPG,1
102661.JPG,1
102662.JPG,1
102663.JPG,1
102664.JPG,1
102665.JPG,1
102666.JPG,1
102667.JPG,1
102668.JPG,1
102669.JPG,1
102670.JPG,1
102671.JPG,1
102672.JPG,1
102673.JPG,1
102674.JPG,1
102675.JPG,1
102676.JPG,1
102677.JPG,1
102678.JPG,1
102679.JPG,1
102680.JPG,1
102681.JPG,1
102682.JPG,1
102683.JPG,1
102684.JPG,1
102685.JPG,1
102686.JPG,1
102687.JPG,1
102688.JPG,1
102689.JPG,1
102690.JPG,1
102691.JPG,1
102692.JPG,1
102693.JPG,1
102694.JPG,1
102695.JPG,1
102696.JPG,1
102697.JPG,1
102698.JPG,1
102699.JPG,1
102700.JPG,1
102701.JPG,1
102702.JPG,1
102703.JPG,1
102704.JPG,1
102705.JPG,1
102706.JPG,1
102707.JPG,1
102708.JPG,1
102709.JPG,1
102710.JPG,1
102711.JPG,1
102712.JPG,1
102713.JPG,1
102714.JPG,1
102715.JPG,1
102716.JPG,1
102717.JPG,1
102718.JPG,1
102719.JPG,1
102720.JPG,1
102721.JPG,1
102722.JPG,1
102723.JPG,1
102724.JPG,1
102725.JPG,1
102726.JPG,1
102727.JPG,1
102728.JPG,1
102729.JPG,1
102730.JPG,1
102731.JPG,1
102732.JPG,1
102733.JPG,1
102734.JPG,1
102735.JPG,1
102736.JPG,1
102737.JPG,1
102738.JPG,1
102739.JPG,1
102740.JPG,1
102741.JPG,1
102742.JPG,1
102743.JPG,1
102744.JPG,1
102745.JPG,1
102746.JPG,1
102747.JPG,1
102748.JPG,1
102749.JPG,1
102750.JPG,1
102751.JPG,1
102752.JPG,1
102753.JPG,1
102754.JPG,1
102755.JPG,1
102756.JPG,1
102757.JPG,1
102758.JPG,1
102759.JPG,1
102760.JPG,1
102761.JPG,1
102762.JPG,1
102763.JPG,1
102764.JPG,1
102765.JPG,1
102766.JPG,1
102767.JPG,1
102768.JPG,1
102769.JPG,1
102770.JPG,1
102771.JPG,1
102772.JPG,1
102773.JPG,1
102774.JPG,1
102775.JPG,1
102776.JPG,1
102777.JPG,1
102778.JPG,1
102779.JPG,1
102780.JPG,1
102781.JPG,1
102782.JPG,1
102783.JPG,1
102784.JPG,1
102785.JPG,1
102786.JPG,1
102787.JPG,1
102788.JPG,1
102789.JPG,1
102790.JPG,1
102791.JPG,1
102792.JPG,1
102793.JPG,1
102794.JPG,1
102795.JPG,1
102796.JPG,1
102797.JPG,1
102798.JPG,1
102799.JPG,1
102800.JPG,1
102801.JPG,1
102802.JPG,1
102803.JPG,1
102804.JPG,1
102805.JPG,1
102806.JPG,1
102807.JPG,1
102808.JPG,1
102809.JPG,1
102810.JPG,1
102811.JPG,1
102812.JPG,1
102813.JPG,1
102814.JPG,1
102815.JPG,1
102816.JPG,1
102817.JPG,1
102818.JPG,1
102819.JPG,1
102820.JPG,1
102821.JPG,1
102822.JPG,1
102823.JPG,1
102824.JPG,1
102825.JPG,1
102826.JPG,1
102827.JPG,1
102828.JPG,1
102829.JPG,1
102830.JPG,1
102831.JPG,1
102832.JPG,1
102833.JPG,1
102834.JPG,1
102835.JPG,1
102836.JPG,1
102837.JPG,1
102838.JPG,1
102839.JPG,1
102840.JPG,1
102841.JPG,1
102842.JPG,1
102843.JPG,1
102844.JPG,1
102845.JPG,1
102846.JPG,1
102847.JPG,1
102848.JPG,1
102849.JPG,1
102850.JPG,1
102851.JPG,1
102852.JPG,1
102853.JPG,1
102854.JPG,1
102855.JPG,1
102856.JPG,1
102857.JPG,1
102858.JPG,1
102859.JPG,1
102860.JPG,1
102861.JPG,1
102862.JPG,1
102863.JPG,1
102864.JPG,1
102865.JPG,1
102866.JPG,1
102867.JPG,1
102868.JPG,1
102869.JPG,1
102870.JPG,1
102871.JPG,1
102872.JPG,1
102873.JPG,1
102874.JPG,1
102875.JPG,1
102876.JPG,1
102877.JPG,1
102878.JPG,1
102879.JPG,1
102880.JPG,1
102881.JPG,1
102882.JPG,1
102883.JPG,1
102884.JPG,1
102885.JPG,1
102886.JPG,1
102887.JPG,1
102888.JPG,1
102889.JPG,1
102890.JPG,1
102891.JPG,1
102892.JPG,1
102893.JPG,1
102894.JPG,1
102895.JPG,1
102896.JPG,1
102897.JPG,1
102898.JPG,1
102899.JPG,1
102900.JPG,1
102901.JPG,1
102902.JPG,1
102903.JPG,1
102904.JPG,1
102905.JPG,1
102906.JPG,1
102907.JPG,1
102908.JPG,1
102909.JPG,1
102910.JPG,1
102911.JPG,1
102912.JPG,1
102913.JPG,1
102914.JPG,1
102915.JPG,1
102916.JPG,1
102917.JPG,1
102918.JPG,1
102919.JPG,1
102920.JPG,1
102921.JPG,1
102922.JPG,1
102923.JPG,1
102924.JPG,1
102925.JPG,1
102926.JPG,1
102927.JPG,1
102928.JPG,1
102929.JPG,1
102930.JPG,1
102931.JPG,1
102932.JPG,1
102933.JPG,1
102934.JPG,1
102935.JPG,1
102936.JPG,1
102937.JPG,1
102938.JPG,1
102939.JPG,1
102940.JPG,1
102941.JPG,1
102942.JPG,1
102943.JPG,1
102944.JPG,1
102945.JPG,1
102946.JPG,1
102947.JPG,1
102948.JPG,1
102949.JPG,1
102950.JPG,1
102951.JPG,1
102952.JPG,1
102953.JPG,1
102954.JPG,1
102955.JPG,1
102956.JPG,1
102957.JPG,1
102958.JPG,1
102959.JPG,1
102960.JPG,1
102961.JPG,1
102962.JPG,1
102963.JPG,1
102964.JPG,1
102965.JPG,1
102966.JPG,1
102967.JPG,1
102968.JPG,1
102969.JPG,1
102970.JPG,1
102971.JPG,1
102972.JPG,1
102973.JPG,1
102974.JPG,1
102975.JPG,1
102976.JPG,1
102977.JPG,1
102978.JPG,1
102979.JPG,1
102980.JPG,1
102981.JPG,1
102982.JPG,1
102983.JPG,1
102984.JPG,1
102985.JPG,1
102986.JPG,1
102987.JPG,1
102988.JPG,1
102989.JPG,1
102990.JPG,1
102991.JPG,1
102992.JPG,1
102993.JPG,1
102994.JPG,1
102995.JPG,1
102996.JPG,1
102997.JPG,1
102998.JPG,1
102999.JPG,1
103000.JPG,1
103001.JPG,1
103002.JPG,1
103003.JPG,1
103004.JPG,1
103005.JPG,1
103006.JPG,1
103007.JPG,1
103008.JPG,1
103009.JPG,1
103010.JPG,1
103011.JPG,1
103012.JPG,1
